post,titel,billednummer,billedsti,beskrivelse,status
"2025-07-25|Koncert|Koncert på Maggies, Nólsöe, Færøerne","Koncert på Maggies, Nólsöe, Færøerne",1,./archive/timeline/performance/2025-07-25-01.jpg,,Skal gennemgås
"2025-07-25|Koncert|Koncert på Maggies, Nólsöe, Færøerne","Koncert på Maggies, Nólsöe, Færøerne",2,./archive/timeline/performance/2025-07-25-02.jpg?v=crop-20260927-v2,,Skal gennemgås
"2025-07-25|Koncert|Koncert på Maggies, Nólsöe, Færøerne","Koncert på Maggies, Nólsöe, Færøerne",3,./archive/timeline/performance/2025-07-25-03.jpg?v=crop-20260927-v2,,Skal gennemgås
"2025-07-12|Kabaret|Fru Kluds fødselsdag, Grå Hal, Christiania","Fru Kluds fødselsdag, Grå Hal, Christiania",1,./archive/timeline/performance/2025-07-12-01.jpg,,Skal gennemgås
"2025-05-10|Melodigrandprix|Melodigrandprix, Bøssehuset","Melodigrandprix, Bøssehuset",1,./archive/timeline/performance/2025-05-10-01.jpg,,Skal gennemgås
"2025-05-10|Melodigrandprix|Melodigrandprix, Bøssehuset","Melodigrandprix, Bøssehuset",2,./archive/timeline/performance/2025-05-10-03.jpg,,Skal gennemgås
"2025-05-10|Melodigrandprix|Melodigrandprix, Bøssehuset","Melodigrandprix, Bøssehuset",3,./archive/timeline/performance/2025-05-10-04.webp,,Skal gennemgås
"2024-12-21|Optræden|Juleshow, Bøssehuset","Juleshow, Bøssehuset",1,./archive/timeline/performance/2024-12-21-01.webp,,Skal gennemgås
"2024-12-21|Optræden|Juleshow, Bøssehuset","Juleshow, Bøssehuset",2,./archive/timeline/performance/2024-12-21-02.webp,,Skal gennemgås
"2024-12-21|Optræden|Juleshow, Bøssehuset","Juleshow, Bøssehuset",3,./archive/timeline/performance/2024-12-21-03.webp,,Skal gennemgås
"2024-12-21|Optræden|Juleshow, Bøssehuset","Juleshow, Bøssehuset",4,./archive/timeline/performance/2024-12-21-04.webp,,Skal gennemgås
"2024-12-21|Optræden|Juleshow, Bøssehuset","Juleshow, Bøssehuset",5,./archive/timeline/performance/2024-12-21-05.webp,,Skal gennemgås
"2024-12-21|Optræden|Juleshow, Bøssehuset","Juleshow, Bøssehuset",6,./archive/timeline/performance/2024-12-21-06.webp,,Skal gennemgås
"2024-12-21|Optræden|Juleshow, Bøssehuset","Juleshow, Bøssehuset",7,./archive/timeline/performance/2024-12-21-07.webp,,Skal gennemgås
"2024-12-21|Optræden|Juleshow, Bøssehuset","Juleshow, Bøssehuset",8,./archive/timeline/performance/2024-12-21-08.webp,,Skal gennemgås
"2024-12-21|Optræden|Juleshow, Bøssehuset","Juleshow, Bøssehuset",9,./archive/timeline/performance/2024-12-21-09.webp,,Skal gennemgås
"2024-12-21|Optræden|Juleshow, Bøssehuset","Juleshow, Bøssehuset",10,./archive/timeline/performance/2024-12-21-10.webp,,Skal gennemgås
"2024-12-21|Optræden|Juleshow, Bøssehuset","Juleshow, Bøssehuset",11,./archive/timeline/performance/2024-12-21-18.webp,,Skal gennemgås
2024-12-14|Optræden|Scoop Models Juleshow,Scoop Models Juleshow,1,./archive/timeline/performance/2024-12-14-01.webp,,Skal gennemgås
2024-12-14|Optræden|Scoop Models Juleshow,Scoop Models Juleshow,2,./archive/timeline/performance/2024-12-14-02.webp,,Skal gennemgås
2024-12-14|Optræden|Scoop Models Juleshow,Scoop Models Juleshow,3,./archive/timeline/performance/2024-12-14-03.webp,,Skal gennemgås
2024-12-14|Optræden|Scoop Models Juleshow,Scoop Models Juleshow,4,./archive/timeline/performance/2024-12-14-04.webp,,Skal gennemgås
"2024-08-10|Optræden|Sommerfest, Bøssehuset","Sommerfest, Bøssehuset",1,./archive/timeline/performance/2024-08-10-02.webp,,Skal gennemgås
"2024-08-10|Optræden|Sommerfest, Bøssehuset","Sommerfest, Bøssehuset",2,./archive/timeline/performance/2024-08-10-03.webp,,Skal gennemgås
"2024-05-31|Optræden|Stjernevask, “Sex in A UFO”","Stjernevask, “Sex in A UFO”",1,./archive/timeline/performance/2024-05-31-01.webp,,Skal gennemgås
"2024-05-31|Optræden|Stjernevask, “Sex in A UFO”","Stjernevask, “Sex in A UFO”",2,./archive/timeline/performance/2024-05-31-02.webp,,Skal gennemgås
"2024-05-31|Optræden|Stjernevask, “Sex in A UFO”","Stjernevask, “Sex in A UFO”",3,./archive/timeline/performance/2024-05-31-03.webp,,Skal gennemgås
"2024-05-31|Optræden|Stjernevask, “Sex in A UFO”","Stjernevask, “Sex in A UFO”",4,./archive/timeline/performance/2024-05-31-04.webp,,Skal gennemgås
"2024-05-31|Optræden|Stjernevask, “Sex in A UFO”","Stjernevask, “Sex in A UFO”",5,./archive/timeline/performance/2024-05-31-05.webp,,Skal gennemgås
"2024-05-31|Optræden|Stjernevask, “Sex in A UFO”","Stjernevask, “Sex in A UFO”",6,./archive/timeline/performance/2024-05-31-06.webp,,Skal gennemgås
"2024-05-18|Optræden|Melodigrandprix, Bøssehuset","Melodigrandprix, Bøssehuset",1,./archive/timeline/performance/2024-05-18-01.webp,,Skal gennemgås
"2024-05-18|Optræden|Melodigrandprix, Bøssehuset","Melodigrandprix, Bøssehuset",2,./archive/timeline/performance/2024-05-18-02.webp,,Skal gennemgås
"2023-12-01|Optræden|Juleshow, Bøssehuset","Juleshow, Bøssehuset",1,./archive/timeline/performance/2023-12-01-01.webp,,Skal gennemgås
"2023-12-01|Optræden|Juleshow, Bøssehuset","Juleshow, Bøssehuset",2,./archive/timeline/performance/2023-12-01-02.webp,,Skal gennemgås
"2023-12-01|Optræden|Juleshow, Bøssehuset","Juleshow, Bøssehuset",3,./archive/timeline/performance/2023-12-01-03.webp,,Skal gennemgås
2023-10-28|Optræden|Goth i Bøssehuset,Goth i Bøssehuset,1,./archive/timeline/performance/2023-10-28-01.webp,,Skal gennemgås
2023-10-28|Optræden|Goth i Bøssehuset,Goth i Bøssehuset,2,./archive/timeline/performance/2023-10-28-02.webp,,Skal gennemgås
2023-10-28|Optræden|Goth i Bøssehuset,Goth i Bøssehuset,3,./archive/timeline/performance/2023-10-28-03.webp,,Skal gennemgås
2023-10-28|Optræden|Goth i Bøssehuset,Goth i Bøssehuset,4,./archive/timeline/performance/2023-10-28-04.webp,,Skal gennemgås
"2023-10-06|Optræden|Cabaret, Bøssehuset","Cabaret, Bøssehuset",1,./archive/timeline/performance/2023-10-06-01.webp,,Skal gennemgås
"2023-10-06|Optræden|Cabaret, Bøssehuset","Cabaret, Bøssehuset",2,./archive/timeline/performance/2023-10-06-02.webp,,Skal gennemgås
"2023-10-06|Optræden|Cabaret, Bøssehuset","Cabaret, Bøssehuset",3,./archive/timeline/performance/2023-10-06-03.webp,,Skal gennemgås
"2023-10-06|Optræden|Cabaret, Bøssehuset","Cabaret, Bøssehuset",4,./archive/timeline/performance/2023-10-06-04.webp,,Skal gennemgås
"2023-10-06|Optræden|Cabaret, Bøssehuset","Cabaret, Bøssehuset",5,./archive/timeline/performance/2023-10-06-05.webp,,Skal gennemgås
"2023-10-06|Optræden|Cabaret, Bøssehuset","Cabaret, Bøssehuset",6,./archive/timeline/performance/2023-10-06-06.webp,,Skal gennemgås
"2023-10-06|Optræden|Cabaret, Bøssehuset","Cabaret, Bøssehuset",7,./archive/timeline/performance/2023-10-06-07.webp,,Skal gennemgås
"2023-10-06|Optræden|Cabaret, Bøssehuset","Cabaret, Bøssehuset",8,./archive/timeline/performance/2023-10-06-08.webp,,Skal gennemgås
"2023-10-06|Optræden|Cabaret, Bøssehuset","Cabaret, Bøssehuset",9,./archive/timeline/performance/2023-10-06-09.webp,,Skal gennemgås
"2023-09-27|Optræden|Regnbueawards, Cirkusbygningen","Regnbueawards, Cirkusbygningen",1,./archive/timeline/performance/2023-09-27-01.webp,,Skal gennemgås
"2023-09-27|Optræden|Regnbueawards, Cirkusbygningen","Regnbueawards, Cirkusbygningen",2,./archive/timeline/performance/2023-09-27-02.webp,,Skal gennemgås
"2023-09-27|Optræden|Regnbueawards, Cirkusbygningen","Regnbueawards, Cirkusbygningen",3,./archive/timeline/performance/2023-09-27-03.webp,,Skal gennemgås
"2023-09-27|Optræden|Regnbueawards, Cirkusbygningen","Regnbueawards, Cirkusbygningen",4,./archive/timeline/performance/2023-09-27-04.webp,,Skal gennemgås
"2023-08-17|Optræden|Smillas Talkshow, Bøssehuset","Smillas Talkshow, Bøssehuset",1,./archive/timeline/performance/2023-08-17-01.webp,,Skal gennemgås
"2023-08-17|Optræden|Smillas Talkshow, Bøssehuset","Smillas Talkshow, Bøssehuset",2,./archive/timeline/performance/2023-08-17-02.webp,,Skal gennemgås
"2023-08-17|Optræden|Smillas Talkshow, Bøssehuset","Smillas Talkshow, Bøssehuset",3,./archive/timeline/performance/2023-08-17-03.webp,,Skal gennemgås
"2023-08-17|Optræden|Smillas Talkshow, Bøssehuset","Smillas Talkshow, Bøssehuset",4,./archive/timeline/performance/2023-08-17-04.webp,,Skal gennemgås
"2023-08-17|Optræden|Smillas Talkshow, Bøssehuset","Smillas Talkshow, Bøssehuset",5,./archive/timeline/performance/2023-08-17-05.webp,,Skal gennemgås
"2023-08-17|Optræden|Smillas Talkshow, Bøssehuset","Smillas Talkshow, Bøssehuset",6,./archive/timeline/performance/2023-08-17-06.webp,,Skal gennemgås
"2023-08-12|Optræden|Sommerfest, Bøssehuset","Sommerfest, Bøssehuset",1,./archive/timeline/performance/2023-08-12-01.webp,,Skal gennemgås
"2023-08-12|Optræden|Sommerfest, Bøssehuset","Sommerfest, Bøssehuset",2,./archive/timeline/performance/2023-08-12-02.webp,,Skal gennemgås
"2023-08-12|Optræden|Sommerfest, Bøssehuset","Sommerfest, Bøssehuset",3,./archive/timeline/performance/2023-08-12-03.webp,,Skal gennemgås
"2023-08-12|Optræden|Sommerfest, Bøssehuset","Sommerfest, Bøssehuset",4,./archive/timeline/performance/2023-08-12-04.webp,,Skal gennemgås
"2023-08-12|Optræden|Sommerfest, Bøssehuset","Sommerfest, Bøssehuset",5,./archive/timeline/performance/2023-08-12-05.webp,,Skal gennemgås
"2023-05-27|Optræden|Kønspolitisk Melodigrandprix, Bøssehuset","Kønspolitisk Melodigrandprix, Bøssehuset",1,./archive/timeline/tennis-sladderblad-2023-01.jpeg,,Skal gennemgås
"2023-05-27|Optræden|Kønspolitisk Melodigrandprix, Bøssehuset","Kønspolitisk Melodigrandprix, Bøssehuset",2,./archive/timeline/tennis-sladderblad-2023-02.jpeg,,Skal gennemgås
"2023-05-27|Optræden|Kønspolitisk Melodigrandprix, Bøssehuset","Kønspolitisk Melodigrandprix, Bøssehuset",3,./archive/timeline/performance/2023-05-27-03.jpg,,Skal gennemgås
"2023-05-27|Optræden|Kønspolitisk Melodigrandprix, Bøssehuset","Kønspolitisk Melodigrandprix, Bøssehuset",4,./archive/timeline/performance/2023-05-27-04.jpg,,Skal gennemgås
"2023-05-27|Optræden|Kønspolitisk Melodigrandprix, Bøssehuset","Kønspolitisk Melodigrandprix, Bøssehuset",5,./archive/timeline/performance/2023-05-27-05.jpg,,Skal gennemgås
"2023-05-27|Optræden|Kønspolitisk Melodigrandprix, Bøssehuset","Kønspolitisk Melodigrandprix, Bøssehuset",6,./archive/timeline/performance/2023-05-27-06.jpg,,Skal gennemgås
"2022-09-17|Liveoptræden|Velgørenhedsfest for LGBT+-rettigheder i Ghana, Bøssehuset.","Velgørenhedsfest for LGBT+-rettigheder i Ghana, Bøssehuset.",1,./archive/timeline/lgbt-ghana-fundraiser-2022.jpeg,,Skal gennemgås
"2022-05-06|Liveoptræden|Kønspolitisk Melodigrandprix, Bøssehuset","Kønspolitisk Melodigrandprix, Bøssehuset",1,./archive/timeline/hollywood-or-bollywood-2022.jpeg,,Skal gennemgås
"2022-05-06|Liveoptræden|Kønspolitisk Melodigrandprix, Bøssehuset","Kønspolitisk Melodigrandprix, Bøssehuset",2,./archive/timeline/performance/2022-05-06-02.jpg,,Skal gennemgås
"2022-04-23|Optræden|Cabaret til Peter Vadims 50 års fødselsdag, Bornholm.","Cabaret til Peter Vadims 50 års fødselsdag, Bornholm.",1,./archive/timeline/peter-vadim-50-2022-01.jpeg,,Skal gennemgås
"2022-04-23|Optræden|Cabaret til Peter Vadims 50 års fødselsdag, Bornholm.","Cabaret til Peter Vadims 50 års fødselsdag, Bornholm.",2,./archive/timeline/peter-vadim-50-2022-02.jpeg,,Skal gennemgås
"2022-04-23|Optræden|Cabaret til Peter Vadims 50 års fødselsdag, Bornholm.","Cabaret til Peter Vadims 50 års fødselsdag, Bornholm.",3,./archive/timeline/peter-vadim-50-2022-03.jpeg,,Skal gennemgås
"2022-04-23|Optræden|Cabaret til Peter Vadims 50 års fødselsdag, Bornholm.","Cabaret til Peter Vadims 50 års fødselsdag, Bornholm.",4,./archive/timeline/peter-vadim-50-2022-04.jpeg,,Skal gennemgås
"2022-04-23|Optræden|Cabaret til Peter Vadims 50 års fødselsdag, Bornholm.","Cabaret til Peter Vadims 50 års fødselsdag, Bornholm.",5,./archive/timeline/peter-vadim-50-2022-05.jpeg,,Skal gennemgås
2021-11-23|Liveoptræden|Bogudgivelse for Bøssernes Danmarkshistorie,Bogudgivelse for Bøssernes Danmarkshistorie,1,./archive/timeline/boessernes-danmarkshistorie-2021.jpeg,,Skal gennemgås
2021-08-14|Liveoptræden|Optræde med LoneStar til Bøssehusets Sommerfest,Optræde med LoneStar til Bøssehusets Sommerfest,1,./archive/timeline/performance/2021-08-14-01.jpg,,Skal gennemgås
2021-04-25|Optræden|Jeg optrådte i 30 minutter med mit band i Facebookgruppen LGBT+30.,Jeg optrådte i 30 minutter med mit band i Facebookgruppen LGBT+30.,1,./archive/timeline/performance/2021-04-25-02.jpg,,Skal gennemgås
2020-12-18|TV|Christiania Jule-TV,Christiania Jule-TV,1,./archive/timeline/performance/2020-12-18-01.jpg,,Skal gennemgås
2020-12-04|Optræden|Juleshow i Bøssehuset,Juleshow i Bøssehuset,1,./archive/timeline/performance/2020-12-04-01.jpg,,Skal gennemgås
2020-12-04|Optræden|Juleshow i Bøssehuset,Juleshow i Bøssehuset,2,./archive/timeline/performance/2020-12-04-02.jpg,,Skal gennemgås
"2020-10-31|Udstilling|3 Selvportrætter i drag, Samtaler Om Tåge, Færøske kunstudstilling, Nordatlantens Brygge","3 Selvportrætter i drag, Samtaler Om Tåge, Færøske kunstudstilling, Nordatlantens Brygge",1,./archive/legacy/200_calendar/2021/udstilling/IMG_1957.jpg,,Skal gennemgås
"2020-10-31|Udstilling|3 Selvportrætter i drag, Samtaler Om Tåge, Færøske kunstudstilling, Nordatlantens Brygge","3 Selvportrætter i drag, Samtaler Om Tåge, Færøske kunstudstilling, Nordatlantens Brygge",2,./archive/legacy/200_calendar/2021/udstilling/IMG_1955.jpg,,Skal gennemgås
"2020-10-31|Udstilling|3 Selvportrætter i drag, Samtaler Om Tåge, Færøske kunstudstilling, Nordatlantens Brygge","3 Selvportrætter i drag, Samtaler Om Tåge, Færøske kunstudstilling, Nordatlantens Brygge",3,./archive/legacy/200_calendar/2021/udstilling/IMG_1956.jpg,,Skal gennemgås
"2020-10-31|Udstilling|3 Selvportrætter i drag, Samtaler Om Tåge, Færøske kunstudstilling, Nordatlantens Brygge","3 Selvportrætter i drag, Samtaler Om Tåge, Færøske kunstudstilling, Nordatlantens Brygge",4,./archive/legacy/200_calendar/2021/udstilling/IMG_1981.jpg,,Skal gennemgås
2020-03-07|Liveoptræden|Sang Netflix Netflix til Nostalgisk Melodigrandprix,Sang Netflix Netflix til Nostalgisk Melodigrandprix,1,./archive/timeline/performance/2020-03-07-01.jpg,,Skal gennemgås
2020-03-07|Liveoptræden|Sang Netflix Netflix til Nostalgisk Melodigrandprix,Sang Netflix Netflix til Nostalgisk Melodigrandprix,2,./archive/timeline/performance/2020-03-07-02.jpg,,Skal gennemgås
"2019-12-05|Optræden|Indisk cabaret i Operaen, Christiania","Indisk cabaret i Operaen, Christiania",1,./archive/timeline/performance/2019-12-05-01.jpg,,Skal gennemgås
"2019-12-05|Optræden|Indisk cabaret i Operaen, Christiania","Indisk cabaret i Operaen, Christiania",2,./archive/timeline/performance/2019-12-05-02.jpg,,Skal gennemgås
"2019-08-10|Optræden|East is East, Teateret ved Sorte Hest","East is East, Teateret ved Sorte Hest",1,./archive/timeline/performance/2019-08-10-01.jpg,,Skal gennemgås
"2019-08-10|Optræden|East is East, Teateret ved Sorte Hest","East is East, Teateret ved Sorte Hest",2,./archive/timeline/performance/2019-08-10-02.jpg,,Skal gennemgås
"2019-08-10|Optræden|East is East, Teateret ved Sorte Hest","East is East, Teateret ved Sorte Hest",3,./archive/timeline/performance/2019-08-10-03.jpg,,Skal gennemgås
"2019-08-10|Optræden|East is East, Teateret ved Sorte Hest","East is East, Teateret ved Sorte Hest",4,./archive/timeline/performance/2019-08-10-04.jpg,,Skal gennemgås
"2019-08-10|Optræden|East is East, Teateret ved Sorte Hest","East is East, Teateret ved Sorte Hest",5,./archive/timeline/performance/2019-08-10-05.jpg,,Skal gennemgås
"2019-08-10|Optræden|East is East, Teateret ved Sorte Hest","East is East, Teateret ved Sorte Hest",6,./archive/timeline/performance/2019-08-10-06.jpg,,Skal gennemgås
"2019-05-17|Liveoptræden|Sang Pik Nok til Kønspolitisk Melodigrandprix, Bøssehuset","Sang Pik Nok til Kønspolitisk Melodigrandprix, Bøssehuset",1,./archive/timeline/performance/2019-05-17-01.jpg,,Skal gennemgås
"2019-05-17|Liveoptræden|Sang Pik Nok til Kønspolitisk Melodigrandprix, Bøssehuset","Sang Pik Nok til Kønspolitisk Melodigrandprix, Bøssehuset",2,./archive/timeline/performance/2019-05-17-02.jpg,,Skal gennemgås
"2019-05-17|Liveoptræden|Sang Pik Nok til Kønspolitisk Melodigrandprix, Bøssehuset","Sang Pik Nok til Kønspolitisk Melodigrandprix, Bøssehuset",3,./archive/timeline/performance/2019-05-17-03.jpg,,Skal gennemgås
"2019-05-17|Liveoptræden|Sang Pik Nok til Kønspolitisk Melodigrandprix, Bøssehuset","Sang Pik Nok til Kønspolitisk Melodigrandprix, Bøssehuset",4,./archive/timeline/performance/2019-05-17-04.jpg,,Skal gennemgås
"2019-02-22|Liveoptræden|Sang Video Video til Nostalgisk Melodigrandprix, Bøssehuset","Sang Video Video til Nostalgisk Melodigrandprix, Bøssehuset",1,./archive/timeline/performance/2019-02-22-01.jpg,,Skal gennemgås
"2012-12-01|Liveoptræden|JULE TA(r)M TA(r)M, Bøssehuset, Christiania, København","JULE TA(r)M TA(r)M, Bøssehuset, Christiania, København",1,./archive/legacy/200_calendar/2012/2012_12_01_jule_tarm_tarm/DAband_01.jpg,,Skal gennemgås
"2012-12-01|Liveoptræden|JULE TA(r)M TA(r)M, Bøssehuset, Christiania, København","JULE TA(r)M TA(r)M, Bøssehuset, Christiania, København",2,./archive/legacy/200_calendar/2012/2012_12_01_jule_tarm_tarm/DAband_02.jpg,,Skal gennemgås
"2012-11-22|Happening|København Ceramics, København.","København Ceramics, København.",1,./archive/legacy/200_calendar/2012/2012_11_22_keramik/Dennis_Agerblad_Band.jpg,,Skal gennemgås
"2012-10-12|Censureret kunstudstilling|Snoribolla Genturnar ved ""KE12"" ved Den Frie, København, Danmark.","Snoribolla Genturnar ved ""KE12"" ved Den Frie, København, Danmark.",1,./archive/legacy/200_calendar/2012/2012_10_12_ke12/Dennis-Agerblad-Snoribolla_Genturnar.jpg,,Skal gennemgås
"2012-10-12|Censureret kunstudstilling|Snoribolla Genturnar ved ""KE12"" ved Den Frie, København, Danmark.","Snoribolla Genturnar ved ""KE12"" ved Den Frie, København, Danmark.",2,./archive/legacy/200_calendar/2012/2012_10_12_ke12/Delores-Duchess-La-Cour-Snoribolla_Genturnar.jpg,,Skal gennemgås
"2012-10-12|Censureret kunstudstilling|Snoribolla Genturnar ved ""KE12"" ved Den Frie, København, Danmark.","Snoribolla Genturnar ved ""KE12"" ved Den Frie, København, Danmark.",3,./archive/legacy/200_calendar/2012/2012_10_12_ke12/Mamma_Petruska-Snoribolla_Genturnar.jpg,,Skal gennemgås
"2012-08-31|Liveoptræden|Transe Træf, Bådhusträffen, Sverige.","Transe Træf, Bådhusträffen, Sverige.",1,./archive/legacy/200_calendar/2012/2012_08_31_trans_i_sverige/01.jpg,,Skal gennemgås
"2012-08-31|Liveoptræden|Transe Træf, Bådhusträffen, Sverige.","Transe Træf, Bådhusträffen, Sverige.",2,./archive/legacy/200_calendar/2012/2012_08_31_trans_i_sverige/02.jpg,,Skal gennemgås
"2012-08-31|Liveoptræden|Transe Træf, Bådhusträffen, Sverige.","Transe Træf, Bådhusträffen, Sverige.",3,./archive/legacy/200_calendar/2012/2012_08_31_trans_i_sverige/03.jpg,,Skal gennemgås
"2012-08-31|Liveoptræden|Transe Træf, Bådhusträffen, Sverige.","Transe Træf, Bådhusträffen, Sverige.",4,./archive/legacy/200_calendar/2012/2012_08_31_trans_i_sverige/04.jpg,,Skal gennemgås
"2012-08-31|Liveoptræden|Transe Træf, Bådhusträffen, Sverige.","Transe Træf, Bådhusträffen, Sverige.",5,./archive/legacy/200_calendar/2012/2012_08_31_trans_i_sverige/05.jpg,,Skal gennemgås
"2012-08-31|Liveoptræden|Transe Træf, Bådhusträffen, Sverige.","Transe Træf, Bådhusträffen, Sverige.",6,./archive/legacy/200_calendar/2012/2012_08_31_trans_i_sverige/06.jpg,,Skal gennemgås
"2012-08-31|Liveoptræden|Transe Træf, Bådhusträffen, Sverige.","Transe Træf, Bådhusträffen, Sverige.",7,./archive/legacy/200_calendar/2012/2012_08_31_trans_i_sverige/07.jpg,,Skal gennemgås
"2012-08-31|Liveoptræden|Transe Træf, Bådhusträffen, Sverige.","Transe Træf, Bådhusträffen, Sverige.",8,./archive/legacy/200_calendar/2012/2012_08_31_trans_i_sverige/08.jpg,,Skal gennemgås
"2012-08-31|Liveoptræden|Transe Træf, Bådhusträffen, Sverige.","Transe Træf, Bådhusträffen, Sverige.",9,./archive/legacy/200_calendar/2012/2012_08_31_trans_i_sverige/09.jpg,,Skal gennemgås
"2012-08-31|Liveoptræden|Transe Træf, Bådhusträffen, Sverige.","Transe Træf, Bådhusträffen, Sverige.",10,./archive/legacy/200_calendar/2012/2012_08_31_trans_i_sverige/10.jpg,,Skal gennemgås
"2012-08-31|Liveoptræden|Transe Træf, Bådhusträffen, Sverige.","Transe Træf, Bådhusträffen, Sverige.",11,./archive/legacy/200_calendar/2012/2012_08_31_trans_i_sverige/11.jpg,,Skal gennemgås
"2012-08-31|Liveoptræden|Transe Træf, Bådhusträffen, Sverige.","Transe Træf, Bådhusträffen, Sverige.",12,./archive/legacy/200_calendar/2012/2012_08_31_trans_i_sverige/12.jpg,,Skal gennemgås
"2012-08-31|Liveoptræden|Transe Træf, Bådhusträffen, Sverige.","Transe Træf, Bådhusträffen, Sverige.",13,./archive/legacy/200_calendar/2012/2012_08_31_trans_i_sverige/13.jpg,,Skal gennemgås
"2012-08-17|Happening|Slaget Om København, København.","Slaget Om København, København.",1,./archive/legacy/200_calendar/2012/2012_08_17_slaget_om_kbh/01.jpg,,Skal gennemgås
"2012-08-17|Liveoptræden|Pridens GMP, Rådhuspladsen, København.","Pridens GMP, Rådhuspladsen, København.",1,./archive/legacy/200_calendar/2012/2012_08_17_melodigrandprix/01.jpg,,Skal gennemgås
"2012-08-17|Liveoptræden|Pridens GMP, Rådhuspladsen, København.","Pridens GMP, Rådhuspladsen, København.",2,./archive/legacy/200_calendar/2012/2012_08_17_melodigrandprix/03.jpg,,Skal gennemgås
"2012-08-17|Liveoptræden|Pridens GMP, Rådhuspladsen, København.","Pridens GMP, Rådhuspladsen, København.",3,./archive/legacy/200_calendar/2012/2012_08_17_melodigrandprix/08.jpg,,Skal gennemgås
"2012-08-17|Liveoptræden|Pridens GMP, Rådhuspladsen, København.","Pridens GMP, Rådhuspladsen, København.",4,./archive/legacy/200_calendar/2012/2012_08_17_melodigrandprix/07.jpg,,Skal gennemgås
"2012-08-17|Liveoptræden|Pridens GMP, Rådhuspladsen, København.","Pridens GMP, Rådhuspladsen, København.",5,./archive/legacy/200_calendar/2012/2012_08_17_melodigrandprix/05.jpg,,Skal gennemgås
"2012-08-17|Liveoptræden|Pridens GMP, Rådhuspladsen, København.","Pridens GMP, Rådhuspladsen, København.",6,./archive/legacy/200_calendar/2012/2012_08_17_melodigrandprix/04.jpg,,Skal gennemgås
"2012-08-15|Liveoptræden|Dragnight 2012, Rådhuspladsen, København.","Dragnight 2012, Rådhuspladsen, København.",1,./archive/legacy/200_calendar/2012/2012_08_15_dragnight/04.jpg,,Skal gennemgås
"2012-08-15|Liveoptræden|Dragnight 2012, Rådhuspladsen, København.","Dragnight 2012, Rådhuspladsen, København.",2,./archive/legacy/200_calendar/2012/2012_08_15_dragnight/05.jpg,,Skal gennemgås
"2012-08-15|Liveoptræden|Dragnight 2012, Rådhuspladsen, København.","Dragnight 2012, Rådhuspladsen, København.",3,./archive/legacy/200_calendar/2012/2012_08_15_dragnight/08.jpg,,Skal gennemgås
"2012-08-15|Liveoptræden|Dragnight 2012, Rådhuspladsen, København.","Dragnight 2012, Rådhuspladsen, København.",4,./archive/legacy/200_calendar/2012/2012_08_15_dragnight/07.jpg,,Skal gennemgås
"2012-08-15|Liveoptræden|Dragnight 2012, Rådhuspladsen, København.","Dragnight 2012, Rådhuspladsen, København.",5,./archive/legacy/200_calendar/2012/2012_08_15_dragnight/01.jpg,,Skal gennemgås
"2012-08-15|Liveoptræden|Dragnight 2012, Rådhuspladsen, København.","Dragnight 2012, Rådhuspladsen, København.",6,./archive/legacy/200_calendar/2012/2012_08_15_dragnight/03.jpg,,Skal gennemgås
"2012-08-15|Liveoptræden|Dragnight 2012, Rådhuspladsen, København.","Dragnight 2012, Rådhuspladsen, København.",7,./archive/legacy/200_calendar/2012/2012_08_15_dragnight/02.jpg,,Skal gennemgås
"2012-06-22|Liveoptræden|Zentropa Jubilæums fest, Zentropa, København.","Zentropa Jubilæums fest, Zentropa, København.",1,./archive/legacy/200_calendar/2012/2012_06_22_zentropa/01.jpg,,Skal gennemgås
"2012-06-22|Liveoptræden|Zentropa Jubilæums fest, Zentropa, København.","Zentropa Jubilæums fest, Zentropa, København.",2,./archive/legacy/200_calendar/2012/2012_06_22_zentropa/02.jpg,,Skal gennemgås
"2012-06-22|Liveoptræden|Zentropa Jubilæums fest, Zentropa, København.","Zentropa Jubilæums fest, Zentropa, København.",3,./archive/legacy/200_calendar/2012/2012_06_22_zentropa/03.jpg,,Skal gennemgås
"2012-06-22|Liveoptræden|Zentropa Jubilæums fest, Zentropa, København.","Zentropa Jubilæums fest, Zentropa, København.",4,./archive/legacy/200_calendar/2012/2012_06_22_zentropa/04.jpg,,Skal gennemgås
"2012-06-22|Liveoptræden|Zentropa Jubilæums fest, Zentropa, København.","Zentropa Jubilæums fest, Zentropa, København.",5,./archive/legacy/200_calendar/2012/2012_06_22_zentropa/05.jpg,,Skal gennemgås
"2012-04-23|Liveoptræden|Lyd + Litteratur, Hovedbilioteket, København.","Lyd + Litteratur, Hovedbilioteket, København.",1,./archive/legacy/200_calendar/2012/2012_04_17_lyd_litteratur/flyer.jpg,,Skal gennemgås
"2012-04-20|Liveoptræden|Found On Corner, Dybbølsgade 59, København.","Found On Corner, Dybbølsgade 59, København.",1,./archive/legacy/200_calendar/2012/2012_04_20_found_on_corner/Fr._Hr._Agerblad.jpg,,Skal gennemgås
"2012-04-17|Liveoptræden|Lyd + Litteratur, Radar, Aarhus.","Lyd + Litteratur, Radar, Aarhus.",1,./archive/legacy/200_calendar/2012/2012_04_17_lyd_litteratur/flyer.jpg,,Skal gennemgås
"2012-03-03|Liveoptræden|Færøsk Out Night, Det Færøske Hus, Vesterbrogade 17A, København.","Færøsk Out Night, Det Færøske Hus, Vesterbrogade 17A, København.",1,./archive/legacy/200_calendar/2012/2012_03_03_faeroesk_out_night/OUTNIGHT2_DK_plakat_600.jpg,,Skal gennemgås
"2012-03-01|Optræden|Resturang 3, Frederiksberg.","Resturang 3, Frederiksberg.",1,./archive/legacy/200_calendar/2012/2012_03_01_resturang/01.jpg,,Skal gennemgås
"2012-03-01|Optræden|Resturang 3, Frederiksberg.","Resturang 3, Frederiksberg.",2,./archive/legacy/200_calendar/2012/2012_03_01_resturang/02.jpg,,Skal gennemgås
"2012-03-01|Optræden|Resturang 3, Frederiksberg.","Resturang 3, Frederiksberg.",3,./archive/legacy/200_calendar/2012/2012_03_01_resturang/03.jpg,,Skal gennemgås
"2012-02-17|Optræden|Strikkeklub for Transer, Bøssehuset, Christiania, København.","Strikkeklub for Transer, Bøssehuset, Christiania, København.",1,./archive/legacy/200_calendar/2012/2012_02_17_strikkeklub/strikkeklub.jpg,,Skal gennemgås
"2011-12-17|Optræden|Jule-Distortiion, Halvandet, Holmen, København.","Jule-Distortiion, Halvandet, Holmen, København.",1,./archive/legacy/200_calendar/2011/11_12_17_jule_distortion/juledistortion-lineup-s.png,,Skal gennemgås
"2011-06-25|Optræden|Frøken Verden, Christiania, København.","Frøken Verden, Christiania, København.",1,./archive/legacy/200_calendar/2011/11_06_25_froeken_verden/flyer.gif,,Skal gennemgås
"2011-06-19|Liveoptræden|Sangerindepavillion i Bøssehuset på Christiania, Danmark.","Sangerindepavillion i Bøssehuset på Christiania, Danmark.",1,./archive/legacy/200_calendar/2011/11_06_19_sangerindepavillion/nis_synger.jpg,,Skal gennemgås
"2011-06-19|Liveoptræden|Sangerindepavillion i Bøssehuset på Christiania, Danmark.","Sangerindepavillion i Bøssehuset på Christiania, Danmark.",2,./archive/legacy/200_calendar/2011/11_06_19_sangerindepavillion/dennis_synger.jpg,,Skal gennemgås
"2011-06-19|Liveoptræden|Sangerindepavillion i Bøssehuset på Christiania, Danmark.","Sangerindepavillion i Bøssehuset på Christiania, Danmark.",3,./archive/legacy/200_calendar/2011/11_06_19_sangerindepavillion/bisgaard.jpg,,Skal gennemgås
"2011-06-19|Liveoptræden|Sangerindepavillion i Bøssehuset på Christiania, Danmark.","Sangerindepavillion i Bøssehuset på Christiania, Danmark.",4,./archive/legacy/200_calendar/2011/11_06_19_sangerindepavillion/klud.jpg,,Skal gennemgås
"2011-06-19|Liveoptræden|Sangerindepavillion i Bøssehuset på Christiania, Danmark.","Sangerindepavillion i Bøssehuset på Christiania, Danmark.",5,./archive/legacy/200_calendar/2011/11_06_19_sangerindepavillion/nis.jpg,,Skal gennemgås
"2011-06-19|Liveoptræden|Sangerindepavillion i Bøssehuset på Christiania, Danmark.","Sangerindepavillion i Bøssehuset på Christiania, Danmark.",6,./archive/legacy/200_calendar/2011/11_06_19_sangerindepavillion/jenspeter.jpg,,Skal gennemgås
"2011-06-19|Liveoptræden|Sangerindepavillion i Bøssehuset på Christiania, Danmark.","Sangerindepavillion i Bøssehuset på Christiania, Danmark.",7,./archive/legacy/200_calendar/2011/11_06_19_sangerindepavillion/dennis.jpg,,Skal gennemgås
"2011-06-19|Liveoptræden|Sangerindepavillion i Bøssehuset på Christiania, Danmark.","Sangerindepavillion i Bøssehuset på Christiania, Danmark.",8,./archive/legacy/200_calendar/2011/11_06_19_sangerindepavillion/Boessehuset.png,,Skal gennemgås
"2011-06-18|Liveoptræden|Bøsserup Pigegarde, Strøget, København, Danmark.","Bøsserup Pigegarde, Strøget, København, Danmark.",1,./archive/legacy/200_calendar/2011/11_06_18_pigegarden/01.jpg,,Skal gennemgås
"2011-06-18|Liveoptræden|Bøsserup Pigegarde, Strøget, København, Danmark.","Bøsserup Pigegarde, Strøget, København, Danmark.",2,./archive/legacy/200_calendar/2011/11_06_18_pigegarden/02.jpg,,Skal gennemgås
"2011-06-18|Liveoptræden|Bøsserup Pigegarde, Strøget, København, Danmark.","Bøsserup Pigegarde, Strøget, København, Danmark.",3,./archive/legacy/200_calendar/2011/11_06_18_pigegarden/03.jpg,,Skal gennemgås
"2011-06-18|Liveoptræden|Bøsserup Pigegarde, Strøget, København, Danmark.","Bøsserup Pigegarde, Strøget, København, Danmark.",4,./archive/legacy/200_calendar/2011/11_06_18_pigegarden/04.jpg,,Skal gennemgås
"2011-06-18|Liveoptræden|Bøsserup Pigegarde, Strøget, København, Danmark.","Bøsserup Pigegarde, Strøget, København, Danmark.",5,./archive/legacy/200_calendar/2011/11_06_18_pigegarden/05.jpg,,Skal gennemgås
"2011-06-18|Liveoptræden|Bøsserup Pigegarde, Strøget, København, Danmark.","Bøsserup Pigegarde, Strøget, København, Danmark.",6,./archive/legacy/200_calendar/2011/11_06_18_pigegarden/06.jpg,,Skal gennemgås
"2011-06-18|Liveoptræden|Bøsserup Pigegarde, Strøget, København, Danmark.","Bøsserup Pigegarde, Strøget, København, Danmark.",7,./archive/legacy/200_calendar/2011/11_06_18_pigegarden/07.jpg,,Skal gennemgås
"2011-06-18|Liveoptræden|Bøsserup Pigegarde, Strøget, København, Danmark.","Bøsserup Pigegarde, Strøget, København, Danmark.",8,./archive/legacy/200_calendar/2011/11_06_18_pigegarden/08.jpg,,Skal gennemgås
"2011-06-04|Optræden|Distortion afslutningsfest, København, Danmark.","Distortion afslutningsfest, København, Danmark.",1,./archive/legacy/200_calendar/2011/11_06_04_distortion/freddy_08.jpg,,Skal gennemgås
"2011-06-04|Optræden|Distortion afslutningsfest, København, Danmark.","Distortion afslutningsfest, København, Danmark.",2,./archive/legacy/200_calendar/2011/11_06_04_distortion/freddy_04.jpg,,Skal gennemgås
"2011-06-04|Optræden|Distortion afslutningsfest, København, Danmark.","Distortion afslutningsfest, København, Danmark.",3,./archive/legacy/200_calendar/2011/11_06_04_distortion/freddy_01.jpg,,Skal gennemgås
"2011-06-04|Optræden|Distortion afslutningsfest, København, Danmark.","Distortion afslutningsfest, København, Danmark.",4,./archive/legacy/200_calendar/2011/11_06_04_distortion/kenneth_risgaard_01.jpg,,Skal gennemgås
"2011-06-04|Optræden|Distortion afslutningsfest, København, Danmark.","Distortion afslutningsfest, København, Danmark.",5,./archive/legacy/200_calendar/2011/11_06_04_distortion/freddy_09.jpg,,Skal gennemgås
"2011-06-04|Optræden|Distortion afslutningsfest, København, Danmark.","Distortion afslutningsfest, København, Danmark.",6,./archive/legacy/200_calendar/2011/11_06_04_distortion/freddy_03.jpg,,Skal gennemgås
"2011-06-04|Optræden|Distortion afslutningsfest, København, Danmark.","Distortion afslutningsfest, København, Danmark.",7,./archive/legacy/200_calendar/2011/11_06_04_distortion/distortion_01.jpg,,Skal gennemgås
"2011-06-04|Optræden|Distortion afslutningsfest, København, Danmark.","Distortion afslutningsfest, København, Danmark.",8,./archive/legacy/200_calendar/2011/11_06_04_distortion/distortion_03.jpg,,Skal gennemgås
"2011-06-04|Optræden|Distortion afslutningsfest, København, Danmark.","Distortion afslutningsfest, København, Danmark.",9,./archive/legacy/200_calendar/2011/11_06_04_distortion/Dennis_Agerblad_Band_Live_Distortion.gif,,Skal gennemgås
"2011-03-06|Liveoptræden|Vesterbro kalder, Løves BogCafé, København, Danmark.","Vesterbro kalder, Løves BogCafé, København, Danmark.",1,./archive/legacy/200_calendar/2011/11_03_06_loeves_bogcafe/anna_petri_dennis_agerblad_lille.jpg,,Skal gennemgås
"2011-01-18|Liveoptræden|Verdenspoesi, Griffenfeldsgade 52, København, Danmark.","Verdenspoesi, Griffenfeldsgade 52, København, Danmark.",1,./archive/legacy/200_calendar/2011/11_01_18_poetiske_bureau/logo.png,,Skal gennemgås
"2011-01-18|Liveoptræden|Verdenspoesi, Griffenfeldsgade 52, København, Danmark.","Verdenspoesi, Griffenfeldsgade 52, København, Danmark.",2,./archive/legacy/200_calendar/2011/11_01_18_poetiske_bureau/performerne_01.jpg,,Skal gennemgås
"2011-01-18|Liveoptræden|Verdenspoesi, Griffenfeldsgade 52, København, Danmark.","Verdenspoesi, Griffenfeldsgade 52, København, Danmark.",3,./archive/legacy/200_calendar/2011/11_01_18_poetiske_bureau/performerne_02.jpg,,Skal gennemgås
"2010-09-23|Liveoptræden|dunst overrækker Heinrich Prisen, Christiania, Danmark.","dunst overrækker Heinrich Prisen, Christiania, Danmark.",1,./archive/legacy/200_calendar/2010/10_09_23_heinrich/dennis_hairwerk.jpg,,Skal gennemgås
"2010-09-23|Liveoptræden|dunst overrækker Heinrich Prisen, Christiania, Danmark.","dunst overrækker Heinrich Prisen, Christiania, Danmark.",2,./archive/legacy/200_calendar/2010/10_09_23_heinrich/dunst.jpg,,Skal gennemgås
"2010-07-27|Udstilling|Ólavsøku, Føroyahúsid, Vesterbrogade 17A, København.","Ólavsøku, Føroyahúsid, Vesterbrogade 17A, København.",1,./archive/legacy/200_calendar/2010/10_07_27_foroyahusid_olaj/DSC09993.jpg,,Skal gennemgås
"2010-07-27|Udstilling|Ólavsøku, Føroyahúsid, Vesterbrogade 17A, København.","Ólavsøku, Føroyahúsid, Vesterbrogade 17A, København.",2,./archive/legacy/200_calendar/2010/10_07_27_foroyahusid_olaj/olavsoekan.gif,,Skal gennemgås
"2010-07-27|Udstilling|Ólavsøku, Føroyahúsid, Vesterbrogade 17A, København.","Ólavsøku, Føroyahúsid, Vesterbrogade 17A, København.",3,./archive/legacy/200_calendar/2010/10_07_27_foroyahusid_olaj/olavsoekan_program.gif,,Skal gennemgås
2010-06-26|Liveoptræden|Jeg optrådte med mit band til Bøssehusets 39-års fødselsdag.,Jeg optrådte med mit band til Bøssehusets 39-års fødselsdag.,1,./archive/legacy/200_calendar/2010/10_06_26_bossehus_39_aar/show_02.jpg,,Skal gennemgås
2010-06-26|Liveoptræden|Jeg optrådte med mit band til Bøssehusets 39-års fødselsdag.,Jeg optrådte med mit band til Bøssehusets 39-års fødselsdag.,2,./archive/legacy/200_calendar/2010/10_06_26_bossehus_39_aar/show_01.jpg,,Skal gennemgås
2010-06-26|Liveoptræden|Jeg optrådte med mit band til Bøssehusets 39-års fødselsdag.,Jeg optrådte med mit band til Bøssehusets 39-års fødselsdag.,3,./archive/legacy/200_calendar/2010/10_06_26_bossehus_39_aar/IMG_0312.jpg,,Skal gennemgås
2010-06-26|Liveoptræden|Jeg optrådte med mit band til Bøssehusets 39-års fødselsdag.,Jeg optrådte med mit band til Bøssehusets 39-års fødselsdag.,4,./archive/legacy/200_calendar/2010/10_06_26_bossehus_39_aar/IMG_0323.jpg,,Skal gennemgås
2010-06-26|Liveoptræden|Jeg optrådte med mit band til Bøssehusets 39-års fødselsdag.,Jeg optrådte med mit band til Bøssehusets 39-års fødselsdag.,5,./archive/legacy/200_calendar/2010/10_06_26_bossehus_39_aar/IMG_0320.jpg,,Skal gennemgås
2010-06-26|Liveoptræden|Jeg optrådte med mit band til Bøssehusets 39-års fødselsdag.,Jeg optrådte med mit band til Bøssehusets 39-års fødselsdag.,6,./archive/legacy/200_calendar/2010/10_06_26_bossehus_39_aar/IMG_0322.jpg,,Skal gennemgås
2010-06-26|Liveoptræden|Jeg optrådte med mit band til Bøssehusets 39-års fødselsdag.,Jeg optrådte med mit band til Bøssehusets 39-års fødselsdag.,7,./archive/legacy/200_calendar/2010/10_06_26_bossehus_39_aar/IMG_0370.jpg,,Skal gennemgås
2010-06-26|Liveoptræden|Jeg optrådte med mit band til Bøssehusets 39-års fødselsdag.,Jeg optrådte med mit band til Bøssehusets 39-års fødselsdag.,8,./archive/legacy/200_calendar/2010/10_06_26_bossehus_39_aar/IMG_0369.jpg,,Skal gennemgås
2010-06-26|Liveoptræden|Jeg optrådte med mit band til Bøssehusets 39-års fødselsdag.,Jeg optrådte med mit band til Bøssehusets 39-års fødselsdag.,9,./archive/legacy/200_calendar/2010/10_06_26_bossehus_39_aar/IMG_0347.jpg,,Skal gennemgås
2010-06-26|Liveoptræden|Jeg optrådte med mit band til Bøssehusets 39-års fødselsdag.,Jeg optrådte med mit band til Bøssehusets 39-års fødselsdag.,10,./archive/legacy/200_calendar/2010/10_06_26_bossehus_39_aar/IMG_0348.jpg,,Skal gennemgås
2010-06-26|Liveoptræden|Jeg optrådte med mit band til Bøssehusets 39-års fødselsdag.,Jeg optrådte med mit band til Bøssehusets 39-års fødselsdag.,11,./archive/legacy/200_calendar/2010/10_06_26_bossehus_39_aar/IMG_0350.jpg,,Skal gennemgås
2010-06-26|Liveoptræden|Jeg optrådte med mit band til Bøssehusets 39-års fødselsdag.,Jeg optrådte med mit band til Bøssehusets 39-års fødselsdag.,12,./archive/legacy/200_calendar/2010/10_06_26_bossehus_39_aar/IMG_0351.jpg,,Skal gennemgås
2010-06-26|Liveoptræden|Jeg optrådte med mit band til Bøssehusets 39-års fødselsdag.,Jeg optrådte med mit band til Bøssehusets 39-års fødselsdag.,13,./archive/legacy/200_calendar/2010/10_06_26_bossehus_39_aar/IMG_0352.jpg,,Skal gennemgås
2010-06-26|Liveoptræden|Jeg optrådte med mit band til Bøssehusets 39-års fødselsdag.,Jeg optrådte med mit band til Bøssehusets 39-års fødselsdag.,14,./archive/legacy/200_calendar/2010/10_06_26_bossehus_39_aar/IMG_0361.jpg,,Skal gennemgås
2010-06-03|Liveoptræden|Jeg optrådte med mit band til Distortion i København.,Jeg optrådte med mit band til Distortion i København.,1,./archive/legacy/200_calendar/2010/10_06_02_distortion/distortion_flyer.jpg,,Skal gennemgås
2010-06-03|Liveoptræden|Jeg optrådte med mit band til Distortion i København.,Jeg optrådte med mit band til Distortion i København.,2,./archive/legacy/200_calendar/2010/10_06_02_distortion/d2010-thursday-blockparties-s.jpg,,Skal gennemgås
"2010-03-06|Liveoptræden|Dunst Fest, Båden Stubnitz, København, Danmark.","Dunst Fest, Båden Stubnitz, København, Danmark.",1,./archive/legacy/200_calendar/2010/10_03_06_stubnitz/P3077514.jpg,,Skal gennemgås
"2010-03-06|Liveoptræden|Dunst Fest, Båden Stubnitz, København, Danmark.","Dunst Fest, Båden Stubnitz, København, Danmark.",2,./archive/legacy/200_calendar/2010/10_03_06_stubnitz/P3077533.jpg,,Skal gennemgås
"2009-12-12|Optræden|Klima-koncert på The COme 2gether Café, Borups Højskole, København.","Klima-koncert på The COme 2gether Café, Borups Højskole, København.",1,./archive/legacy/200_calendar/2009/09_12_12_klima/dunst.jpg,,Skal gennemgås
2009-09-11|Optræden|Jeg optrådte med mit band på Jolene i København.,Jeg optrådte med mit band på Jolene i København.,1,./archive/legacy/200_calendar/2009/09_09_11_jolene/CIMG2441.jpg,,Skal gennemgås
2009-09-11|Optræden|Jeg optrådte med mit band på Jolene i København.,Jeg optrådte med mit band på Jolene i København.,2,./archive/legacy/200_calendar/2009/09_09_11_jolene/CIMG2438.jpg,,Skal gennemgås
2009-09-11|Optræden|Jeg optrådte med mit band på Jolene i København.,Jeg optrådte med mit band på Jolene i København.,3,./archive/legacy/200_calendar/2009/09_09_11_jolene/CIMG2427.jpg,,Skal gennemgås
2009-09-11|Optræden|Jeg optrådte med mit band på Jolene i København.,Jeg optrådte med mit band på Jolene i København.,4,./archive/legacy/200_calendar/2009/09_09_11_jolene/CIMG2376.jpg,,Skal gennemgås
2009-09-11|Optræden|Jeg optrådte med mit band på Jolene i København.,Jeg optrådte med mit band på Jolene i København.,5,./archive/legacy/200_calendar/2009/09_09_11_jolene/CIMG2362.jpg,,Skal gennemgås
2009-09-11|Optræden|Jeg optrådte med mit band på Jolene i København.,Jeg optrådte med mit band på Jolene i København.,6,./archive/legacy/200_calendar/2009/09_09_11_jolene/CIMG2361.jpg,,Skal gennemgås
2009-09-11|Optræden|Jeg optrådte med mit band på Jolene i København.,Jeg optrådte med mit band på Jolene i København.,7,./archive/legacy/200_calendar/2009/09_09_11_jolene/CIMG2359.jpg,,Skal gennemgås
2009-09-11|Optræden|Jeg optrådte med mit band på Jolene i København.,Jeg optrådte med mit band på Jolene i København.,8,./archive/legacy/200_calendar/2009/09_09_11_jolene/CIMG2358.jpg,,Skal gennemgås
2009-09-11|Optræden|Jeg optrådte med mit band på Jolene i København.,Jeg optrådte med mit band på Jolene i København.,9,./archive/legacy/200_calendar/2009/09_09_11_jolene/CIMG2357.jpg,,Skal gennemgås
2009-09-11|Optræden|Jeg optrådte med mit band på Jolene i København.,Jeg optrådte med mit band på Jolene i København.,10,./archive/legacy/200_calendar/2009/09_09_11_jolene/CIMG2348.jpg,,Skal gennemgås
2009-09-11|Optræden|Jeg optrådte med mit band på Jolene i København.,Jeg optrådte med mit band på Jolene i København.,11,./archive/legacy/200_calendar/2009/09_09_11_jolene/CIMG2346.jpg,,Skal gennemgås
2009-09-11|Optræden|Jeg optrådte med mit band på Jolene i København.,Jeg optrådte med mit band på Jolene i København.,12,./archive/legacy/200_calendar/2009/09_09_11_jolene/CIMG2345.jpg,,Skal gennemgås
2009-09-11|Optræden|Jeg optrådte med mit band på Jolene i København.,Jeg optrådte med mit band på Jolene i København.,13,./archive/legacy/200_calendar/2009/09_09_11_jolene/CIMG2335.jpg,,Skal gennemgås
2009-09-11|Optræden|Jeg optrådte med mit band på Jolene i København.,Jeg optrådte med mit band på Jolene i København.,14,./archive/legacy/200_calendar/2009/09_09_11_jolene/CIMG2331.jpg,,Skal gennemgås
2009-09-11|Optræden|Jeg optrådte med mit band på Jolene i København.,Jeg optrådte med mit band på Jolene i København.,15,./archive/legacy/200_calendar/2009/09_09_11_jolene/CIMG2326.jpg,,Skal gennemgås
2009-09-11|Optræden|Jeg optrådte med mit band på Jolene i København.,Jeg optrådte med mit band på Jolene i København.,16,./archive/legacy/200_calendar/2009/09_09_11_jolene/jolene_flyer.jpg,,Skal gennemgås
"2009-09-04|Optræden|Damp Stryge optræden, Lager 9, København, Danmark.","Damp Stryge optræden, Lager 9, København, Danmark.",1,./archive/legacy/200_calendar/2009/09_09_04_warehouse9/show_01.jpg,,Skal gennemgås
"2009-09-04|Optræden|Damp Stryge optræden, Lager 9, København, Danmark.","Damp Stryge optræden, Lager 9, København, Danmark.",2,./archive/legacy/200_calendar/2009/09_09_04_warehouse9/show_02.jpg,,Skal gennemgås
"2009-09-04|Optræden|Damp Stryge optræden, Lager 9, København, Danmark.","Damp Stryge optræden, Lager 9, København, Danmark.",3,./archive/legacy/200_calendar/2009/09_09_04_warehouse9/dennis_carsten_spar.jpg,,Skal gennemgås
"2009-09-04|Optræden|Damp Stryge optræden, Lager 9, København, Danmark.","Damp Stryge optræden, Lager 9, København, Danmark.",4,./archive/legacy/200_calendar/2009/09_09_04_warehouse9/gina_carsten_spar.jpg,,Skal gennemgås
"2009-09-04|Optræden|Damp Stryge optræden, Lager 9, København, Danmark.","Damp Stryge optræden, Lager 9, København, Danmark.",5,./archive/legacy/200_calendar/2009/09_09_04_warehouse9/damp_stryge_show_warehouse_flyer.jpg,,Skal gennemgås
"2009-08-22|Optræden|Færøske transvestitter på rov, Oslo, Norge.","Færøske transvestitter på rov, Oslo, Norge.",1,./archive/legacy/200_calendar/2009/09_08_22_happy_nordic_music_days/live_01.jpg,,Skal gennemgås
"2009-08-22|Optræden|Færøske transvestitter på rov, Oslo, Norge.","Færøske transvestitter på rov, Oslo, Norge.",2,./archive/legacy/200_calendar/2009/09_08_22_happy_nordic_music_days/live_03.jpg,,Skal gennemgås
"2009-08-22|Optræden|Færøske transvestitter på rov, Oslo, Norge.","Færøske transvestitter på rov, Oslo, Norge.",3,./archive/legacy/200_calendar/2009/09_08_22_happy_nordic_music_days/live_05.jpg,,Skal gennemgås
"2009-08-22|Optræden|Færøske transvestitter på rov, Oslo, Norge.","Færøske transvestitter på rov, Oslo, Norge.",4,./archive/legacy/200_calendar/2009/09_08_22_happy_nordic_music_days/live_04.jpg,,Skal gennemgås
"2009-08-22|Optræden|Færøske transvestitter på rov, Oslo, Norge.","Færøske transvestitter på rov, Oslo, Norge.",5,./archive/legacy/200_calendar/2009/09_08_22_happy_nordic_music_days/delores_02.jpg,,Skal gennemgås
"2009-08-22|Optræden|Færøske transvestitter på rov, Oslo, Norge.","Færøske transvestitter på rov, Oslo, Norge.",6,./archive/legacy/200_calendar/2009/09_08_22_happy_nordic_music_days/dennis_02.jpg,,Skal gennemgås
"2009-08-22|Optræden|Færøske transvestitter på rov, Oslo, Norge.","Færøske transvestitter på rov, Oslo, Norge.",7,./archive/legacy/200_calendar/2009/09_08_22_happy_nordic_music_days/gina_02.jpg,,Skal gennemgås
"2009-08-22|Optræden|Færøske transvestitter på rov, Oslo, Norge.","Færøske transvestitter på rov, Oslo, Norge.",8,./archive/legacy/200_calendar/2009/09_08_22_happy_nordic_music_days/live_02.jpg,,Skal gennemgås
"2009-08-22|Optræden|Færøske transvestitter på rov, Oslo, Norge.","Færøske transvestitter på rov, Oslo, Norge.",9,./archive/legacy/200_calendar/2009/09_08_22_happy_nordic_music_days/blomster.jpg,,Skal gennemgås
"2009-08-22|Optræden|Færøske transvestitter på rov, Oslo, Norge.","Færøske transvestitter på rov, Oslo, Norge.",10,./archive/legacy/200_calendar/2009/09_08_22_happy_nordic_music_days/gina.jpg,,Skal gennemgås
"2009-08-22|Optræden|Færøske transvestitter på rov, Oslo, Norge.","Færøske transvestitter på rov, Oslo, Norge.",11,./archive/legacy/200_calendar/2009/09_08_22_happy_nordic_music_days/delores.jpg,,Skal gennemgås
"2009-08-22|Optræden|Færøske transvestitter på rov, Oslo, Norge.","Færøske transvestitter på rov, Oslo, Norge.",12,./archive/legacy/200_calendar/2009/09_08_22_happy_nordic_music_days/dennis.jpg,,Skal gennemgås
"2009-08-22|Optræden|Færøske transvestitter på rov, Oslo, Norge.","Færøske transvestitter på rov, Oslo, Norge.",13,./archive/legacy/200_calendar/2009/09_08_22_happy_nordic_music_days/gras.jpg,,Skal gennemgås
"2009-08-22|Optræden|Færøske transvestitter på rov, Oslo, Norge.","Færøske transvestitter på rov, Oslo, Norge.",14,./archive/legacy/200_calendar/2009/09_08_22_happy_nordic_music_days/hnmd.gif,,Skal gennemgås
"2009-07-31|Optræden|Dunst optræden i Råhuset, København, Danmark.","Dunst optræden i Råhuset, København, Danmark.",1,./archive/legacy/200_calendar/2009/09_07_31_dunst/maria_dennis_lene.jpg,,Skal gennemgås
"2009-07-31|Optræden|Dunst optræden i Råhuset, København, Danmark.","Dunst optræden i Råhuset, København, Danmark.",2,./archive/legacy/200_calendar/2009/09_07_31_dunst/slibling_dennis.jpg,,Skal gennemgås
"2009-07-30|Liveoptræden|maður:glotti koncert, Råhuset, København, Danmark.","maður:glotti koncert, Råhuset, København, Danmark.",1,./archive/legacy/200_calendar/2009/09_07_30_madurglotti/koncert_600.gif,,Skal gennemgås
"2009-07-17|Optræden|Voksen Dukke Leg, 036, København, Danmark.","Voksen Dukke Leg, 036, København, Danmark.",1,./archive/legacy/200_calendar/2009/09_07_03_dukke_leg/dukke_leg_flyer.gif,,Skal gennemgås
"2009-07-17|Optræden|Voksen Dukke Leg, 036, København, Danmark.","Voksen Dukke Leg, 036, København, Danmark.",2,./archive/legacy/200_calendar/2009/09_07_03_dukke_leg/CIMG1142.jpg,,Skal gennemgås
"2009-07-17|Optræden|Voksen Dukke Leg, 036, København, Danmark.","Voksen Dukke Leg, 036, København, Danmark.",3,./archive/legacy/200_calendar/2009/09_07_03_dukke_leg/DSC09832.jpg,,Skal gennemgås
"2009-07-17|Optræden|Voksen Dukke Leg, 036, København, Danmark.","Voksen Dukke Leg, 036, København, Danmark.",4,./archive/legacy/200_calendar/2009/09_07_03_dukke_leg/DSC09745.jpg,,Skal gennemgås
"2009-07-17|Optræden|Voksen Dukke Leg, 036, København, Danmark.","Voksen Dukke Leg, 036, København, Danmark.",5,./archive/legacy/200_calendar/2009/09_07_03_dukke_leg/DSC09677.jpg,,Skal gennemgås
"2009-07-17|Optræden|Voksen Dukke Leg, 036, København, Danmark.","Voksen Dukke Leg, 036, København, Danmark.",6,./archive/legacy/200_calendar/2009/09_07_03_dukke_leg/DSC09777.jpg,,Skal gennemgås
"2009-07-17|Optræden|Voksen Dukke Leg, 036, København, Danmark.","Voksen Dukke Leg, 036, København, Danmark.",7,./archive/legacy/200_calendar/2009/09_07_03_dukke_leg/DSC09781.jpg,,Skal gennemgås
"2009-07-17|Optræden|Voksen Dukke Leg, 036, København, Danmark.","Voksen Dukke Leg, 036, København, Danmark.",8,./archive/legacy/200_calendar/2009/09_07_03_dukke_leg/DSC09996.jpg,,Skal gennemgås
"2009-07-17|Optræden|Voksen Dukke Leg, 036, København, Danmark.","Voksen Dukke Leg, 036, København, Danmark.",9,./archive/legacy/200_calendar/2009/09_07_03_dukke_leg/DSC09983.jpg,,Skal gennemgås
"2009-07-17|Optræden|Voksen Dukke Leg, 036, København, Danmark.","Voksen Dukke Leg, 036, København, Danmark.",10,./archive/legacy/200_calendar/2009/09_07_03_dukke_leg/DSC09953.jpg,,Skal gennemgås
"2009-07-17|Optræden|Voksen Dukke Leg, 036, København, Danmark.","Voksen Dukke Leg, 036, København, Danmark.",11,./archive/legacy/200_calendar/2009/09_07_03_dukke_leg/DSC09949.jpg,,Skal gennemgås
"2009-07-17|Optræden|Voksen Dukke Leg, 036, København, Danmark.","Voksen Dukke Leg, 036, København, Danmark.",12,./archive/legacy/200_calendar/2009/09_07_03_dukke_leg/DSC09802.jpg,,Skal gennemgås
"2009-07-17|Optræden|Voksen Dukke Leg, 036, København, Danmark.","Voksen Dukke Leg, 036, København, Danmark.",13,./archive/legacy/200_calendar/2009/09_07_03_dukke_leg/DSC09714.jpg,,Skal gennemgås
"2009-07-17|Optræden|Voksen Dukke Leg, 036, København, Danmark.","Voksen Dukke Leg, 036, København, Danmark.",14,./archive/legacy/200_calendar/2009/09_07_03_dukke_leg/DSC09712.jpg,,Skal gennemgås
"2009-07-17|Optræden|Voksen Dukke Leg, 036, København, Danmark.","Voksen Dukke Leg, 036, København, Danmark.",15,./archive/legacy/200_calendar/2009/09_07_03_dukke_leg/DSC09707.jpg,,Skal gennemgås
"2009-07-17|Optræden|Voksen Dukke Leg, 036, København, Danmark.","Voksen Dukke Leg, 036, København, Danmark.",16,./archive/legacy/200_calendar/2009/09_07_03_dukke_leg/DSC09669.jpg,,Skal gennemgås
"2009-07-17|Optræden|Voksen Dukke Leg, 036, København, Danmark.","Voksen Dukke Leg, 036, København, Danmark.",17,./archive/legacy/200_calendar/2009/09_07_03_dukke_leg/CIMG1132.jpg,,Skal gennemgås
"2009-07-17|Optræden|Voksen Dukke Leg, 036, København, Danmark.","Voksen Dukke Leg, 036, København, Danmark.",18,./archive/legacy/200_calendar/2009/09_07_03_dukke_leg/CIMG1139.jpg,,Skal gennemgås
"2009-07-17|Optræden|Voksen Dukke Leg, 036, København, Danmark.","Voksen Dukke Leg, 036, København, Danmark.",19,./archive/legacy/200_calendar/2009/09_07_03_dukke_leg/DSC09872.jpg,,Skal gennemgås
"2009-07-17|Optræden|Voksen Dukke Leg, 036, København, Danmark.","Voksen Dukke Leg, 036, København, Danmark.",20,./archive/legacy/200_calendar/2009/09_07_03_dukke_leg/DSC09916.jpg,,Skal gennemgås
"2009-07-17|Optræden|Voksen Dukke Leg, 036, København, Danmark.","Voksen Dukke Leg, 036, København, Danmark.",21,./archive/legacy/200_calendar/2009/09_07_03_dukke_leg/DSC09904.jpg,,Skal gennemgås
"2009-07-17|Optræden|Voksen Dukke Leg, 036, København, Danmark.","Voksen Dukke Leg, 036, København, Danmark.",22,./archive/legacy/200_calendar/2009/09_07_03_dukke_leg/DSC09892.jpg,,Skal gennemgås
"2009-07-17|Optræden|Voksen Dukke Leg, 036, København, Danmark.","Voksen Dukke Leg, 036, København, Danmark.",23,./archive/legacy/200_calendar/2009/09_07_03_dukke_leg/CIMG1140.jpg,,Skal gennemgås
"2009-07-17|Optræden|Voksen Dukke Leg, 036, København, Danmark.","Voksen Dukke Leg, 036, København, Danmark.",24,./archive/legacy/200_calendar/2009/09_07_03_dukke_leg/DSC09889.jpg,,Skal gennemgås
"2009-07-17|Optræden|Voksen Dukke Leg, 036, København, Danmark.","Voksen Dukke Leg, 036, København, Danmark.",25,./archive/legacy/200_calendar/2009/09_07_03_dukke_leg/DSC09880.jpg,,Skal gennemgås
"2009-07-17|Optræden|Voksen Dukke Leg, 036, København, Danmark.","Voksen Dukke Leg, 036, København, Danmark.",26,./archive/legacy/200_calendar/2009/09_07_03_dukke_leg/DSC09775.jpg,,Skal gennemgås
"2009-07-17|Optræden|Voksen Dukke Leg, 036, København, Danmark.","Voksen Dukke Leg, 036, København, Danmark.",27,./archive/legacy/200_calendar/2009/09_07_03_dukke_leg/DSC09761.jpg,,Skal gennemgås
"2009-07-17|Optræden|Voksen Dukke Leg, 036, København, Danmark.","Voksen Dukke Leg, 036, København, Danmark.",28,./archive/legacy/200_calendar/2009/09_07_03_dukke_leg/DSC09748.jpg,,Skal gennemgås
"2009-07-17|Optræden|Voksen Dukke Leg, 036, København, Danmark.","Voksen Dukke Leg, 036, København, Danmark.",29,./archive/legacy/200_calendar/2009/09_07_03_dukke_leg/DSC09771.jpg,,Skal gennemgås
"2009-07-17|Optræden|Voksen Dukke Leg, 036, København, Danmark.","Voksen Dukke Leg, 036, København, Danmark.",30,./archive/legacy/200_calendar/2009/09_07_03_dukke_leg/CIMG1111.jpg,,Skal gennemgås
"2009-07-17|Optræden|Voksen Dukke Leg, 036, København, Danmark.","Voksen Dukke Leg, 036, København, Danmark.",31,./archive/legacy/200_calendar/2009/09_07_03_dukke_leg/CIMG1112.jpg,,Skal gennemgås
"2009-07-17|Optræden|Voksen Dukke Leg, 036, København, Danmark.","Voksen Dukke Leg, 036, København, Danmark.",32,./archive/legacy/200_calendar/2009/09_07_03_dukke_leg/CIMG1091.jpg,,Skal gennemgås
"2009-07-17|Optræden|Voksen Dukke Leg, 036, København, Danmark.","Voksen Dukke Leg, 036, København, Danmark.",33,./archive/legacy/200_calendar/2009/09_07_03_dukke_leg/CIMG1099.jpg,,Skal gennemgås
"2009-07-17|Optræden|Voksen Dukke Leg, 036, København, Danmark.","Voksen Dukke Leg, 036, København, Danmark.",34,./archive/legacy/200_calendar/2009/09_07_03_dukke_leg/DSC09666.jpg,,Skal gennemgås
"2009-07-17|Optræden|Voksen Dukke Leg, 036, København, Danmark.","Voksen Dukke Leg, 036, København, Danmark.",35,./archive/legacy/200_calendar/2009/09_07_03_dukke_leg/CIMG1130.jpg,,Skal gennemgås
"2009-07-17|Optræden|Voksen Dukke Leg, 036, København, Danmark.","Voksen Dukke Leg, 036, København, Danmark.",36,./archive/legacy/200_calendar/2009/09_07_03_dukke_leg/CIMG1155.jpg,,Skal gennemgås
"2009-07-17|Optræden|Voksen Dukke Leg, 036, København, Danmark.","Voksen Dukke Leg, 036, København, Danmark.",37,./archive/legacy/200_calendar/2009/09_07_03_dukke_leg/CIMG1095.jpg,,Skal gennemgås
"2009-07-17|Optræden|Voksen Dukke Leg, 036, København, Danmark.","Voksen Dukke Leg, 036, København, Danmark.",38,./archive/legacy/200_calendar/2009/09_07_03_dukke_leg/DSC09859.jpg,,Skal gennemgås
"2009-07-17|Optræden|Voksen Dukke Leg, 036, København, Danmark.","Voksen Dukke Leg, 036, København, Danmark.",39,./archive/legacy/200_calendar/2009/09_07_03_dukke_leg/DSC09856.jpg,,Skal gennemgås
"2009-07-17|Optræden|Voksen Dukke Leg, 036, København, Danmark.","Voksen Dukke Leg, 036, København, Danmark.",40,./archive/legacy/200_calendar/2009/09_07_03_dukke_leg/CIMG1101.jpg,,Skal gennemgås
"2009-07-17|Optræden|Voksen Dukke Leg, 036, København, Danmark.","Voksen Dukke Leg, 036, København, Danmark.",41,./archive/legacy/200_calendar/2009/09_07_03_dukke_leg/DSC09676.jpg,,Skal gennemgås
"2009-07-17|Optræden|Voksen Dukke Leg, 036, København, Danmark.","Voksen Dukke Leg, 036, København, Danmark.",42,./archive/legacy/200_calendar/2009/09_07_03_dukke_leg/DSC09855.jpg,,Skal gennemgås
"2009-07-17|Optræden|Voksen Dukke Leg, 036, København, Danmark.","Voksen Dukke Leg, 036, København, Danmark.",43,./archive/legacy/200_calendar/2009/09_07_03_dukke_leg/DSC09863.jpg,,Skal gennemgås
"2009-07-17|Optræden|Voksen Dukke Leg, 036, København, Danmark.","Voksen Dukke Leg, 036, København, Danmark.",44,./archive/legacy/200_calendar/2009/09_07_03_dukke_leg/CIMG1098.jpg,,Skal gennemgås
"2009-07-17|Optræden|Voksen Dukke Leg, 036, København, Danmark.","Voksen Dukke Leg, 036, København, Danmark.",45,./archive/legacy/200_calendar/2009/09_07_03_dukke_leg/DSC09706.jpg,,Skal gennemgås
"2009-07-17|Optræden|Voksen Dukke Leg, 036, København, Danmark.","Voksen Dukke Leg, 036, København, Danmark.",46,./archive/legacy/200_calendar/2009/09_07_03_dukke_leg/CIMG1159.jpg,,Skal gennemgås
"2009-07-17|Optræden|Voksen Dukke Leg, 036, København, Danmark.","Voksen Dukke Leg, 036, København, Danmark.",47,./archive/legacy/200_calendar/2009/09_07_03_dukke_leg/CIMG1162.jpg,,Skal gennemgås
"2009-07-17|Optræden|Voksen Dukke Leg, 036, København, Danmark.","Voksen Dukke Leg, 036, København, Danmark.",48,./archive/legacy/200_calendar/2009/09_07_03_dukke_leg/CIMG1158.jpg,,Skal gennemgås
"2009-07-17|Optræden|Voksen Dukke Leg, 036, København, Danmark.","Voksen Dukke Leg, 036, København, Danmark.",49,./archive/legacy/200_calendar/2009/09_07_03_dukke_leg/CIMG1156.jpg,,Skal gennemgås
"2009-07-17|Optræden|Voksen Dukke Leg, 036, København, Danmark.","Voksen Dukke Leg, 036, København, Danmark.",50,./archive/legacy/200_calendar/2009/09_07_03_dukke_leg/CIMG1127.jpg,,Skal gennemgås
"2009-07-17|Optræden|Voksen Dukke Leg, 036, København, Danmark.","Voksen Dukke Leg, 036, København, Danmark.",51,./archive/legacy/200_calendar/2009/09_07_03_dukke_leg/CIMG1167.jpg,,Skal gennemgås
"2009-07-17|Optræden|Voksen Dukke Leg, 036, København, Danmark.","Voksen Dukke Leg, 036, København, Danmark.",52,./archive/legacy/200_calendar/2009/09_07_03_dukke_leg/CIMG1168.jpg,,Skal gennemgås
"2009-07-17|Optræden|Voksen Dukke Leg, 036, København, Danmark.","Voksen Dukke Leg, 036, København, Danmark.",53,./archive/legacy/200_calendar/2009/09_07_03_dukke_leg/CIMG1166.jpg,,Skal gennemgås
"2009-07-17|Optræden|Voksen Dukke Leg, 036, København, Danmark.","Voksen Dukke Leg, 036, København, Danmark.",54,./archive/legacy/200_calendar/2009/09_07_03_dukke_leg/DSC09990.jpg,,Skal gennemgås
"2009-07-17|Optræden|Voksen Dukke Leg, 036, København, Danmark.","Voksen Dukke Leg, 036, København, Danmark.",55,./archive/legacy/200_calendar/2009/09_07_03_dukke_leg/DSC09989.jpg,,Skal gennemgås
"2009-07-17|Optræden|Voksen Dukke Leg, 036, København, Danmark.","Voksen Dukke Leg, 036, København, Danmark.",56,./archive/legacy/200_calendar/2009/09_07_03_dukke_leg/DSC09991.jpg,,Skal gennemgås
"2009-07-17|Optræden|Voksen Dukke Leg, 036, København, Danmark.","Voksen Dukke Leg, 036, København, Danmark.",57,./archive/legacy/200_calendar/2009/09_07_03_dukke_leg/DSC09992.jpg,,Skal gennemgås
"2009-07-04|Udstilling|Som Jeg Er - Homo-Bi-Trans i København, ByMuseet, København.","Som Jeg Er - Homo-Bi-Trans i København, ByMuseet, København.",1,./archive/legacy/200_calendar/2009/09_07_03_bymuseum/CIMG1181.jpg,,Skal gennemgås
"2009-07-04|Udstilling|Som Jeg Er - Homo-Bi-Trans i København, ByMuseet, København.","Som Jeg Er - Homo-Bi-Trans i København, ByMuseet, København.",2,./archive/legacy/200_calendar/2009/09_07_03_bymuseum/CIMG1183.jpg,,Skal gennemgås
"2009-07-03|Udstilling|Voksen dukke leg, 036, Sølvgade 36, København.","Voksen dukke leg, 036, Sølvgade 36, København.",1,./archive/legacy/200_calendar/2009/09_07_03_dukke_leg/dukke_leg_flyer.gif,,Skal gennemgås
"2009-07-03|Udstilling|Voksen dukke leg, 036, Sølvgade 36, København.","Voksen dukke leg, 036, Sølvgade 36, København.",2,./archive/legacy/200_calendar/2009/09_07_03_dukke_leg/CIMG1142.jpg,,Skal gennemgås
"2009-07-03|Udstilling|Voksen dukke leg, 036, Sølvgade 36, København.","Voksen dukke leg, 036, Sølvgade 36, København.",3,./archive/legacy/200_calendar/2009/09_07_03_dukke_leg/DSC09832.jpg,,Skal gennemgås
"2009-07-03|Udstilling|Voksen dukke leg, 036, Sølvgade 36, København.","Voksen dukke leg, 036, Sølvgade 36, København.",4,./archive/legacy/200_calendar/2009/09_07_03_dukke_leg/DSC09745.jpg,,Skal gennemgås
"2009-07-03|Udstilling|Voksen dukke leg, 036, Sølvgade 36, København.","Voksen dukke leg, 036, Sølvgade 36, København.",5,./archive/legacy/200_calendar/2009/09_07_03_dukke_leg/DSC09677.jpg,,Skal gennemgås
"2009-07-03|Udstilling|Voksen dukke leg, 036, Sølvgade 36, København.","Voksen dukke leg, 036, Sølvgade 36, København.",6,./archive/legacy/200_calendar/2009/09_07_03_dukke_leg/DSC09777.jpg,,Skal gennemgås
"2009-07-03|Udstilling|Voksen dukke leg, 036, Sølvgade 36, København.","Voksen dukke leg, 036, Sølvgade 36, København.",7,./archive/legacy/200_calendar/2009/09_07_03_dukke_leg/DSC09781.jpg,,Skal gennemgås
"2009-07-03|Udstilling|Voksen dukke leg, 036, Sølvgade 36, København.","Voksen dukke leg, 036, Sølvgade 36, København.",8,./archive/legacy/200_calendar/2009/09_07_03_dukke_leg/DSC09996.jpg,,Skal gennemgås
"2009-07-03|Udstilling|Voksen dukke leg, 036, Sølvgade 36, København.","Voksen dukke leg, 036, Sølvgade 36, København.",9,./archive/legacy/200_calendar/2009/09_07_03_dukke_leg/DSC09983.jpg,,Skal gennemgås
"2009-07-03|Udstilling|Voksen dukke leg, 036, Sølvgade 36, København.","Voksen dukke leg, 036, Sølvgade 36, København.",10,./archive/legacy/200_calendar/2009/09_07_03_dukke_leg/DSC09953.jpg,,Skal gennemgås
"2009-07-03|Udstilling|Voksen dukke leg, 036, Sølvgade 36, København.","Voksen dukke leg, 036, Sølvgade 36, København.",11,./archive/legacy/200_calendar/2009/09_07_03_dukke_leg/DSC09949.jpg,,Skal gennemgås
"2009-07-03|Udstilling|Voksen dukke leg, 036, Sølvgade 36, København.","Voksen dukke leg, 036, Sølvgade 36, København.",12,./archive/legacy/200_calendar/2009/09_07_03_dukke_leg/DSC09802.jpg,,Skal gennemgås
"2009-07-03|Udstilling|Voksen dukke leg, 036, Sølvgade 36, København.","Voksen dukke leg, 036, Sølvgade 36, København.",13,./archive/legacy/200_calendar/2009/09_07_03_dukke_leg/DSC09714.jpg,,Skal gennemgås
"2009-07-03|Udstilling|Voksen dukke leg, 036, Sølvgade 36, København.","Voksen dukke leg, 036, Sølvgade 36, København.",14,./archive/legacy/200_calendar/2009/09_07_03_dukke_leg/DSC09712.jpg,,Skal gennemgås
"2009-07-03|Udstilling|Voksen dukke leg, 036, Sølvgade 36, København.","Voksen dukke leg, 036, Sølvgade 36, København.",15,./archive/legacy/200_calendar/2009/09_07_03_dukke_leg/DSC09707.jpg,,Skal gennemgås
"2009-07-03|Udstilling|Voksen dukke leg, 036, Sølvgade 36, København.","Voksen dukke leg, 036, Sølvgade 36, København.",16,./archive/legacy/200_calendar/2009/09_07_03_dukke_leg/DSC09669.jpg,,Skal gennemgås
"2009-07-03|Udstilling|Voksen dukke leg, 036, Sølvgade 36, København.","Voksen dukke leg, 036, Sølvgade 36, København.",17,./archive/legacy/200_calendar/2009/09_07_03_dukke_leg/CIMG1132.jpg,,Skal gennemgås
"2009-07-03|Udstilling|Voksen dukke leg, 036, Sølvgade 36, København.","Voksen dukke leg, 036, Sølvgade 36, København.",18,./archive/legacy/200_calendar/2009/09_07_03_dukke_leg/CIMG1139.jpg,,Skal gennemgås
"2009-07-03|Udstilling|Voksen dukke leg, 036, Sølvgade 36, København.","Voksen dukke leg, 036, Sølvgade 36, København.",19,./archive/legacy/200_calendar/2009/09_07_03_dukke_leg/DSC09872.jpg,,Skal gennemgås
"2009-07-03|Udstilling|Voksen dukke leg, 036, Sølvgade 36, København.","Voksen dukke leg, 036, Sølvgade 36, København.",20,./archive/legacy/200_calendar/2009/09_07_03_dukke_leg/DSC09916.jpg,,Skal gennemgås
"2009-07-03|Udstilling|Voksen dukke leg, 036, Sølvgade 36, København.","Voksen dukke leg, 036, Sølvgade 36, København.",21,./archive/legacy/200_calendar/2009/09_07_03_dukke_leg/DSC09904.jpg,,Skal gennemgås
"2009-07-03|Udstilling|Voksen dukke leg, 036, Sølvgade 36, København.","Voksen dukke leg, 036, Sølvgade 36, København.",22,./archive/legacy/200_calendar/2009/09_07_03_dukke_leg/DSC09892.jpg,,Skal gennemgås
"2009-07-03|Udstilling|Voksen dukke leg, 036, Sølvgade 36, København.","Voksen dukke leg, 036, Sølvgade 36, København.",23,./archive/legacy/200_calendar/2009/09_07_03_dukke_leg/CIMG1140.jpg,,Skal gennemgås
"2009-07-03|Udstilling|Voksen dukke leg, 036, Sølvgade 36, København.","Voksen dukke leg, 036, Sølvgade 36, København.",24,./archive/legacy/200_calendar/2009/09_07_03_dukke_leg/DSC09889.jpg,,Skal gennemgås
"2009-07-03|Udstilling|Voksen dukke leg, 036, Sølvgade 36, København.","Voksen dukke leg, 036, Sølvgade 36, København.",25,./archive/legacy/200_calendar/2009/09_07_03_dukke_leg/DSC09880.jpg,,Skal gennemgås
"2009-07-03|Udstilling|Voksen dukke leg, 036, Sølvgade 36, København.","Voksen dukke leg, 036, Sølvgade 36, København.",26,./archive/legacy/200_calendar/2009/09_07_03_dukke_leg/DSC09775.jpg,,Skal gennemgås
"2009-07-03|Udstilling|Voksen dukke leg, 036, Sølvgade 36, København.","Voksen dukke leg, 036, Sølvgade 36, København.",27,./archive/legacy/200_calendar/2009/09_07_03_dukke_leg/DSC09761.jpg,,Skal gennemgås
"2009-07-03|Udstilling|Voksen dukke leg, 036, Sølvgade 36, København.","Voksen dukke leg, 036, Sølvgade 36, København.",28,./archive/legacy/200_calendar/2009/09_07_03_dukke_leg/DSC09748.jpg,,Skal gennemgås
"2009-07-03|Udstilling|Voksen dukke leg, 036, Sølvgade 36, København.","Voksen dukke leg, 036, Sølvgade 36, København.",29,./archive/legacy/200_calendar/2009/09_07_03_dukke_leg/DSC09771.jpg,,Skal gennemgås
"2009-07-03|Udstilling|Voksen dukke leg, 036, Sølvgade 36, København.","Voksen dukke leg, 036, Sølvgade 36, København.",30,./archive/legacy/200_calendar/2009/09_07_03_dukke_leg/CIMG1111.jpg,,Skal gennemgås
"2009-07-03|Udstilling|Voksen dukke leg, 036, Sølvgade 36, København.","Voksen dukke leg, 036, Sølvgade 36, København.",31,./archive/legacy/200_calendar/2009/09_07_03_dukke_leg/CIMG1112.jpg,,Skal gennemgås
"2009-07-03|Udstilling|Voksen dukke leg, 036, Sølvgade 36, København.","Voksen dukke leg, 036, Sølvgade 36, København.",32,./archive/legacy/200_calendar/2009/09_07_03_dukke_leg/CIMG1091.jpg,,Skal gennemgås
"2009-07-03|Udstilling|Voksen dukke leg, 036, Sølvgade 36, København.","Voksen dukke leg, 036, Sølvgade 36, København.",33,./archive/legacy/200_calendar/2009/09_07_03_dukke_leg/CIMG1099.jpg,,Skal gennemgås
"2009-07-03|Udstilling|Voksen dukke leg, 036, Sølvgade 36, København.","Voksen dukke leg, 036, Sølvgade 36, København.",34,./archive/legacy/200_calendar/2009/09_07_03_dukke_leg/DSC09666.jpg,,Skal gennemgås
"2009-07-03|Udstilling|Voksen dukke leg, 036, Sølvgade 36, København.","Voksen dukke leg, 036, Sølvgade 36, København.",35,./archive/legacy/200_calendar/2009/09_07_03_dukke_leg/CIMG1130.jpg,,Skal gennemgås
"2009-07-03|Udstilling|Voksen dukke leg, 036, Sølvgade 36, København.","Voksen dukke leg, 036, Sølvgade 36, København.",36,./archive/legacy/200_calendar/2009/09_07_03_dukke_leg/CIMG1155.jpg,,Skal gennemgås
"2009-07-03|Udstilling|Voksen dukke leg, 036, Sølvgade 36, København.","Voksen dukke leg, 036, Sølvgade 36, København.",37,./archive/legacy/200_calendar/2009/09_07_03_dukke_leg/CIMG1095.jpg,,Skal gennemgås
"2009-07-03|Udstilling|Voksen dukke leg, 036, Sølvgade 36, København.","Voksen dukke leg, 036, Sølvgade 36, København.",38,./archive/legacy/200_calendar/2009/09_07_03_dukke_leg/DSC09859.jpg,,Skal gennemgås
"2009-07-03|Udstilling|Voksen dukke leg, 036, Sølvgade 36, København.","Voksen dukke leg, 036, Sølvgade 36, København.",39,./archive/legacy/200_calendar/2009/09_07_03_dukke_leg/DSC09856.jpg,,Skal gennemgås
"2009-07-03|Udstilling|Voksen dukke leg, 036, Sølvgade 36, København.","Voksen dukke leg, 036, Sølvgade 36, København.",40,./archive/legacy/200_calendar/2009/09_07_03_dukke_leg/CIMG1101.jpg,,Skal gennemgås
"2009-07-03|Udstilling|Voksen dukke leg, 036, Sølvgade 36, København.","Voksen dukke leg, 036, Sølvgade 36, København.",41,./archive/legacy/200_calendar/2009/09_07_03_dukke_leg/DSC09676.jpg,,Skal gennemgås
"2009-07-03|Udstilling|Voksen dukke leg, 036, Sølvgade 36, København.","Voksen dukke leg, 036, Sølvgade 36, København.",42,./archive/legacy/200_calendar/2009/09_07_03_dukke_leg/DSC09855.jpg,,Skal gennemgås
"2009-07-03|Udstilling|Voksen dukke leg, 036, Sølvgade 36, København.","Voksen dukke leg, 036, Sølvgade 36, København.",43,./archive/legacy/200_calendar/2009/09_07_03_dukke_leg/DSC09863.jpg,,Skal gennemgås
"2009-07-03|Udstilling|Voksen dukke leg, 036, Sølvgade 36, København.","Voksen dukke leg, 036, Sølvgade 36, København.",44,./archive/legacy/200_calendar/2009/09_07_03_dukke_leg/CIMG1098.jpg,,Skal gennemgås
"2009-07-03|Udstilling|Voksen dukke leg, 036, Sølvgade 36, København.","Voksen dukke leg, 036, Sølvgade 36, København.",45,./archive/legacy/200_calendar/2009/09_07_03_dukke_leg/DSC09706.jpg,,Skal gennemgås
"2009-07-03|Udstilling|Voksen dukke leg, 036, Sølvgade 36, København.","Voksen dukke leg, 036, Sølvgade 36, København.",46,./archive/legacy/200_calendar/2009/09_07_03_dukke_leg/CIMG1159.jpg,,Skal gennemgås
"2009-07-03|Udstilling|Voksen dukke leg, 036, Sølvgade 36, København.","Voksen dukke leg, 036, Sølvgade 36, København.",47,./archive/legacy/200_calendar/2009/09_07_03_dukke_leg/CIMG1162.jpg,,Skal gennemgås
"2009-07-03|Udstilling|Voksen dukke leg, 036, Sølvgade 36, København.","Voksen dukke leg, 036, Sølvgade 36, København.",48,./archive/legacy/200_calendar/2009/09_07_03_dukke_leg/CIMG1158.jpg,,Skal gennemgås
"2009-07-03|Udstilling|Voksen dukke leg, 036, Sølvgade 36, København.","Voksen dukke leg, 036, Sølvgade 36, København.",49,./archive/legacy/200_calendar/2009/09_07_03_dukke_leg/CIMG1156.jpg,,Skal gennemgås
"2009-07-03|Udstilling|Voksen dukke leg, 036, Sølvgade 36, København.","Voksen dukke leg, 036, Sølvgade 36, København.",50,./archive/legacy/200_calendar/2009/09_07_03_dukke_leg/CIMG1127.jpg,,Skal gennemgås
"2009-07-03|Udstilling|Voksen dukke leg, 036, Sølvgade 36, København.","Voksen dukke leg, 036, Sølvgade 36, København.",51,./archive/legacy/200_calendar/2009/09_07_03_dukke_leg/CIMG1167.jpg,,Skal gennemgås
"2009-07-03|Udstilling|Voksen dukke leg, 036, Sølvgade 36, København.","Voksen dukke leg, 036, Sølvgade 36, København.",52,./archive/legacy/200_calendar/2009/09_07_03_dukke_leg/CIMG1168.jpg,,Skal gennemgås
"2009-07-03|Udstilling|Voksen dukke leg, 036, Sølvgade 36, København.","Voksen dukke leg, 036, Sølvgade 36, København.",53,./archive/legacy/200_calendar/2009/09_07_03_dukke_leg/CIMG1166.jpg,,Skal gennemgås
"2009-07-03|Udstilling|Voksen dukke leg, 036, Sølvgade 36, København.","Voksen dukke leg, 036, Sølvgade 36, København.",54,./archive/legacy/200_calendar/2009/09_07_03_dukke_leg/DSC09990.jpg,,Skal gennemgås
"2009-07-03|Udstilling|Voksen dukke leg, 036, Sølvgade 36, København.","Voksen dukke leg, 036, Sølvgade 36, København.",55,./archive/legacy/200_calendar/2009/09_07_03_dukke_leg/DSC09989.jpg,,Skal gennemgås
"2009-07-03|Udstilling|Voksen dukke leg, 036, Sølvgade 36, København.","Voksen dukke leg, 036, Sølvgade 36, København.",56,./archive/legacy/200_calendar/2009/09_07_03_dukke_leg/DSC09991.jpg,,Skal gennemgås
"2009-07-03|Udstilling|Voksen dukke leg, 036, Sølvgade 36, København.","Voksen dukke leg, 036, Sølvgade 36, København.",57,./archive/legacy/200_calendar/2009/09_07_03_dukke_leg/DSC09992.jpg,,Skal gennemgås
"2009-07-03|Optræden|Voksen Dukke Leg, 036, København, Danmark.","Voksen Dukke Leg, 036, København, Danmark.",1,./archive/legacy/200_calendar/2009/09_07_03_dukke_leg/dukke_leg_flyer.gif,,Skal gennemgås
"2009-07-03|Optræden|Voksen Dukke Leg, 036, København, Danmark.","Voksen Dukke Leg, 036, København, Danmark.",2,./archive/legacy/200_calendar/2009/09_07_03_dukke_leg/CIMG1142.jpg,,Skal gennemgås
"2009-07-03|Optræden|Voksen Dukke Leg, 036, København, Danmark.","Voksen Dukke Leg, 036, København, Danmark.",3,./archive/legacy/200_calendar/2009/09_07_03_dukke_leg/DSC09832.jpg,,Skal gennemgås
"2009-07-03|Optræden|Voksen Dukke Leg, 036, København, Danmark.","Voksen Dukke Leg, 036, København, Danmark.",4,./archive/legacy/200_calendar/2009/09_07_03_dukke_leg/DSC09745.jpg,,Skal gennemgås
"2009-07-03|Optræden|Voksen Dukke Leg, 036, København, Danmark.","Voksen Dukke Leg, 036, København, Danmark.",5,./archive/legacy/200_calendar/2009/09_07_03_dukke_leg/DSC09677.jpg,,Skal gennemgås
"2009-07-03|Optræden|Voksen Dukke Leg, 036, København, Danmark.","Voksen Dukke Leg, 036, København, Danmark.",6,./archive/legacy/200_calendar/2009/09_07_03_dukke_leg/DSC09777.jpg,,Skal gennemgås
"2009-07-03|Optræden|Voksen Dukke Leg, 036, København, Danmark.","Voksen Dukke Leg, 036, København, Danmark.",7,./archive/legacy/200_calendar/2009/09_07_03_dukke_leg/DSC09781.jpg,,Skal gennemgås
"2009-07-03|Optræden|Voksen Dukke Leg, 036, København, Danmark.","Voksen Dukke Leg, 036, København, Danmark.",8,./archive/legacy/200_calendar/2009/09_07_03_dukke_leg/DSC09996.jpg,,Skal gennemgås
"2009-07-03|Optræden|Voksen Dukke Leg, 036, København, Danmark.","Voksen Dukke Leg, 036, København, Danmark.",9,./archive/legacy/200_calendar/2009/09_07_03_dukke_leg/DSC09983.jpg,,Skal gennemgås
"2009-07-03|Optræden|Voksen Dukke Leg, 036, København, Danmark.","Voksen Dukke Leg, 036, København, Danmark.",10,./archive/legacy/200_calendar/2009/09_07_03_dukke_leg/DSC09953.jpg,,Skal gennemgås
"2009-07-03|Optræden|Voksen Dukke Leg, 036, København, Danmark.","Voksen Dukke Leg, 036, København, Danmark.",11,./archive/legacy/200_calendar/2009/09_07_03_dukke_leg/DSC09949.jpg,,Skal gennemgås
"2009-07-03|Optræden|Voksen Dukke Leg, 036, København, Danmark.","Voksen Dukke Leg, 036, København, Danmark.",12,./archive/legacy/200_calendar/2009/09_07_03_dukke_leg/DSC09802.jpg,,Skal gennemgås
"2009-07-03|Optræden|Voksen Dukke Leg, 036, København, Danmark.","Voksen Dukke Leg, 036, København, Danmark.",13,./archive/legacy/200_calendar/2009/09_07_03_dukke_leg/DSC09714.jpg,,Skal gennemgås
"2009-07-03|Optræden|Voksen Dukke Leg, 036, København, Danmark.","Voksen Dukke Leg, 036, København, Danmark.",14,./archive/legacy/200_calendar/2009/09_07_03_dukke_leg/DSC09712.jpg,,Skal gennemgås
"2009-07-03|Optræden|Voksen Dukke Leg, 036, København, Danmark.","Voksen Dukke Leg, 036, København, Danmark.",15,./archive/legacy/200_calendar/2009/09_07_03_dukke_leg/DSC09707.jpg,,Skal gennemgås
"2009-07-03|Optræden|Voksen Dukke Leg, 036, København, Danmark.","Voksen Dukke Leg, 036, København, Danmark.",16,./archive/legacy/200_calendar/2009/09_07_03_dukke_leg/DSC09669.jpg,,Skal gennemgås
"2009-07-03|Optræden|Voksen Dukke Leg, 036, København, Danmark.","Voksen Dukke Leg, 036, København, Danmark.",17,./archive/legacy/200_calendar/2009/09_07_03_dukke_leg/CIMG1132.jpg,,Skal gennemgås
"2009-07-03|Optræden|Voksen Dukke Leg, 036, København, Danmark.","Voksen Dukke Leg, 036, København, Danmark.",18,./archive/legacy/200_calendar/2009/09_07_03_dukke_leg/CIMG1139.jpg,,Skal gennemgås
"2009-07-03|Optræden|Voksen Dukke Leg, 036, København, Danmark.","Voksen Dukke Leg, 036, København, Danmark.",19,./archive/legacy/200_calendar/2009/09_07_03_dukke_leg/DSC09872.jpg,,Skal gennemgås
"2009-07-03|Optræden|Voksen Dukke Leg, 036, København, Danmark.","Voksen Dukke Leg, 036, København, Danmark.",20,./archive/legacy/200_calendar/2009/09_07_03_dukke_leg/DSC09916.jpg,,Skal gennemgås
"2009-07-03|Optræden|Voksen Dukke Leg, 036, København, Danmark.","Voksen Dukke Leg, 036, København, Danmark.",21,./archive/legacy/200_calendar/2009/09_07_03_dukke_leg/DSC09904.jpg,,Skal gennemgås
"2009-07-03|Optræden|Voksen Dukke Leg, 036, København, Danmark.","Voksen Dukke Leg, 036, København, Danmark.",22,./archive/legacy/200_calendar/2009/09_07_03_dukke_leg/DSC09892.jpg,,Skal gennemgås
"2009-07-03|Optræden|Voksen Dukke Leg, 036, København, Danmark.","Voksen Dukke Leg, 036, København, Danmark.",23,./archive/legacy/200_calendar/2009/09_07_03_dukke_leg/CIMG1140.jpg,,Skal gennemgås
"2009-07-03|Optræden|Voksen Dukke Leg, 036, København, Danmark.","Voksen Dukke Leg, 036, København, Danmark.",24,./archive/legacy/200_calendar/2009/09_07_03_dukke_leg/DSC09889.jpg,,Skal gennemgås
"2009-07-03|Optræden|Voksen Dukke Leg, 036, København, Danmark.","Voksen Dukke Leg, 036, København, Danmark.",25,./archive/legacy/200_calendar/2009/09_07_03_dukke_leg/DSC09880.jpg,,Skal gennemgås
"2009-07-03|Optræden|Voksen Dukke Leg, 036, København, Danmark.","Voksen Dukke Leg, 036, København, Danmark.",26,./archive/legacy/200_calendar/2009/09_07_03_dukke_leg/DSC09775.jpg,,Skal gennemgås
"2009-07-03|Optræden|Voksen Dukke Leg, 036, København, Danmark.","Voksen Dukke Leg, 036, København, Danmark.",27,./archive/legacy/200_calendar/2009/09_07_03_dukke_leg/DSC09761.jpg,,Skal gennemgås
"2009-07-03|Optræden|Voksen Dukke Leg, 036, København, Danmark.","Voksen Dukke Leg, 036, København, Danmark.",28,./archive/legacy/200_calendar/2009/09_07_03_dukke_leg/DSC09748.jpg,,Skal gennemgås
"2009-07-03|Optræden|Voksen Dukke Leg, 036, København, Danmark.","Voksen Dukke Leg, 036, København, Danmark.",29,./archive/legacy/200_calendar/2009/09_07_03_dukke_leg/DSC09771.jpg,,Skal gennemgås
"2009-07-03|Optræden|Voksen Dukke Leg, 036, København, Danmark.","Voksen Dukke Leg, 036, København, Danmark.",30,./archive/legacy/200_calendar/2009/09_07_03_dukke_leg/CIMG1111.jpg,,Skal gennemgås
"2009-07-03|Optræden|Voksen Dukke Leg, 036, København, Danmark.","Voksen Dukke Leg, 036, København, Danmark.",31,./archive/legacy/200_calendar/2009/09_07_03_dukke_leg/CIMG1112.jpg,,Skal gennemgås
"2009-07-03|Optræden|Voksen Dukke Leg, 036, København, Danmark.","Voksen Dukke Leg, 036, København, Danmark.",32,./archive/legacy/200_calendar/2009/09_07_03_dukke_leg/CIMG1091.jpg,,Skal gennemgås
"2009-07-03|Optræden|Voksen Dukke Leg, 036, København, Danmark.","Voksen Dukke Leg, 036, København, Danmark.",33,./archive/legacy/200_calendar/2009/09_07_03_dukke_leg/CIMG1099.jpg,,Skal gennemgås
"2009-07-03|Optræden|Voksen Dukke Leg, 036, København, Danmark.","Voksen Dukke Leg, 036, København, Danmark.",34,./archive/legacy/200_calendar/2009/09_07_03_dukke_leg/DSC09666.jpg,,Skal gennemgås
"2009-07-03|Optræden|Voksen Dukke Leg, 036, København, Danmark.","Voksen Dukke Leg, 036, København, Danmark.",35,./archive/legacy/200_calendar/2009/09_07_03_dukke_leg/CIMG1130.jpg,,Skal gennemgås
"2009-07-03|Optræden|Voksen Dukke Leg, 036, København, Danmark.","Voksen Dukke Leg, 036, København, Danmark.",36,./archive/legacy/200_calendar/2009/09_07_03_dukke_leg/CIMG1155.jpg,,Skal gennemgås
"2009-07-03|Optræden|Voksen Dukke Leg, 036, København, Danmark.","Voksen Dukke Leg, 036, København, Danmark.",37,./archive/legacy/200_calendar/2009/09_07_03_dukke_leg/CIMG1095.jpg,,Skal gennemgås
"2009-07-03|Optræden|Voksen Dukke Leg, 036, København, Danmark.","Voksen Dukke Leg, 036, København, Danmark.",38,./archive/legacy/200_calendar/2009/09_07_03_dukke_leg/DSC09859.jpg,,Skal gennemgås
"2009-07-03|Optræden|Voksen Dukke Leg, 036, København, Danmark.","Voksen Dukke Leg, 036, København, Danmark.",39,./archive/legacy/200_calendar/2009/09_07_03_dukke_leg/DSC09856.jpg,,Skal gennemgås
"2009-07-03|Optræden|Voksen Dukke Leg, 036, København, Danmark.","Voksen Dukke Leg, 036, København, Danmark.",40,./archive/legacy/200_calendar/2009/09_07_03_dukke_leg/CIMG1101.jpg,,Skal gennemgås
"2009-07-03|Optræden|Voksen Dukke Leg, 036, København, Danmark.","Voksen Dukke Leg, 036, København, Danmark.",41,./archive/legacy/200_calendar/2009/09_07_03_dukke_leg/DSC09676.jpg,,Skal gennemgås
"2009-07-03|Optræden|Voksen Dukke Leg, 036, København, Danmark.","Voksen Dukke Leg, 036, København, Danmark.",42,./archive/legacy/200_calendar/2009/09_07_03_dukke_leg/DSC09855.jpg,,Skal gennemgås
"2009-07-03|Optræden|Voksen Dukke Leg, 036, København, Danmark.","Voksen Dukke Leg, 036, København, Danmark.",43,./archive/legacy/200_calendar/2009/09_07_03_dukke_leg/DSC09863.jpg,,Skal gennemgås
"2009-07-03|Optræden|Voksen Dukke Leg, 036, København, Danmark.","Voksen Dukke Leg, 036, København, Danmark.",44,./archive/legacy/200_calendar/2009/09_07_03_dukke_leg/CIMG1098.jpg,,Skal gennemgås
"2009-07-03|Optræden|Voksen Dukke Leg, 036, København, Danmark.","Voksen Dukke Leg, 036, København, Danmark.",45,./archive/legacy/200_calendar/2009/09_07_03_dukke_leg/DSC09706.jpg,,Skal gennemgås
"2009-07-03|Optræden|Voksen Dukke Leg, 036, København, Danmark.","Voksen Dukke Leg, 036, København, Danmark.",46,./archive/legacy/200_calendar/2009/09_07_03_dukke_leg/CIMG1159.jpg,,Skal gennemgås
"2009-07-03|Optræden|Voksen Dukke Leg, 036, København, Danmark.","Voksen Dukke Leg, 036, København, Danmark.",47,./archive/legacy/200_calendar/2009/09_07_03_dukke_leg/CIMG1162.jpg,,Skal gennemgås
"2009-07-03|Optræden|Voksen Dukke Leg, 036, København, Danmark.","Voksen Dukke Leg, 036, København, Danmark.",48,./archive/legacy/200_calendar/2009/09_07_03_dukke_leg/CIMG1158.jpg,,Skal gennemgås
"2009-07-03|Optræden|Voksen Dukke Leg, 036, København, Danmark.","Voksen Dukke Leg, 036, København, Danmark.",49,./archive/legacy/200_calendar/2009/09_07_03_dukke_leg/CIMG1156.jpg,,Skal gennemgås
"2009-07-03|Optræden|Voksen Dukke Leg, 036, København, Danmark.","Voksen Dukke Leg, 036, København, Danmark.",50,./archive/legacy/200_calendar/2009/09_07_03_dukke_leg/CIMG1127.jpg,,Skal gennemgås
"2009-07-03|Optræden|Voksen Dukke Leg, 036, København, Danmark.","Voksen Dukke Leg, 036, København, Danmark.",51,./archive/legacy/200_calendar/2009/09_07_03_dukke_leg/CIMG1167.jpg,,Skal gennemgås
"2009-07-03|Optræden|Voksen Dukke Leg, 036, København, Danmark.","Voksen Dukke Leg, 036, København, Danmark.",52,./archive/legacy/200_calendar/2009/09_07_03_dukke_leg/CIMG1168.jpg,,Skal gennemgås
"2009-07-03|Optræden|Voksen Dukke Leg, 036, København, Danmark.","Voksen Dukke Leg, 036, København, Danmark.",53,./archive/legacy/200_calendar/2009/09_07_03_dukke_leg/CIMG1166.jpg,,Skal gennemgås
"2009-07-03|Optræden|Voksen Dukke Leg, 036, København, Danmark.","Voksen Dukke Leg, 036, København, Danmark.",54,./archive/legacy/200_calendar/2009/09_07_03_dukke_leg/DSC09990.jpg,,Skal gennemgås
"2009-07-03|Optræden|Voksen Dukke Leg, 036, København, Danmark.","Voksen Dukke Leg, 036, København, Danmark.",55,./archive/legacy/200_calendar/2009/09_07_03_dukke_leg/DSC09989.jpg,,Skal gennemgås
"2009-07-03|Optræden|Voksen Dukke Leg, 036, København, Danmark.","Voksen Dukke Leg, 036, København, Danmark.",56,./archive/legacy/200_calendar/2009/09_07_03_dukke_leg/DSC09991.jpg,,Skal gennemgås
"2009-07-03|Optræden|Voksen Dukke Leg, 036, København, Danmark.","Voksen Dukke Leg, 036, København, Danmark.",57,./archive/legacy/200_calendar/2009/09_07_03_dukke_leg/DSC09992.jpg,,Skal gennemgås
2009-04-17|Liveoptræden|Jeg optrådte med mit band i Lille Vega.,Jeg optrådte med mit band i Lille Vega.,1,./archive/legacy/200_calendar/2009/09_04_17_vega/CIMG0452.jpg,,Skal gennemgås
2009-04-17|Liveoptræden|Jeg optrådte med mit band i Lille Vega.,Jeg optrådte med mit band i Lille Vega.,2,./archive/legacy/200_calendar/2009/09_04_17_vega/CIMG0454.jpg,,Skal gennemgås
2009-04-17|Liveoptræden|Jeg optrådte med mit band i Lille Vega.,Jeg optrådte med mit band i Lille Vega.,3,./archive/legacy/200_calendar/2009/09_04_17_vega/CIMG0455.jpg,,Skal gennemgås
2009-04-17|Liveoptræden|Jeg optrådte med mit band i Lille Vega.,Jeg optrådte med mit band i Lille Vega.,4,./archive/legacy/200_calendar/2009/09_04_17_vega/CIMG0484.jpg,,Skal gennemgås
2009-04-17|Liveoptræden|Jeg optrådte med mit band i Lille Vega.,Jeg optrådte med mit band i Lille Vega.,5,./archive/legacy/200_calendar/2009/09_04_17_vega/CIMG0443.jpg,,Skal gennemgås
2009-04-17|Liveoptræden|Jeg optrådte med mit band i Lille Vega.,Jeg optrådte med mit band i Lille Vega.,6,./archive/legacy/200_calendar/2009/09_04_17_vega/CIMG0469.jpg,,Skal gennemgås
2009-04-17|Liveoptræden|Jeg optrådte med mit band i Lille Vega.,Jeg optrådte med mit band i Lille Vega.,7,./archive/legacy/200_calendar/2009/09_04_17_vega/CIMG0440.jpg,,Skal gennemgås
2009-04-17|Liveoptræden|Jeg optrådte med mit band i Lille Vega.,Jeg optrådte med mit band i Lille Vega.,8,./archive/legacy/200_calendar/2009/09_04_17_vega/CIMG0446.jpg,,Skal gennemgås
2009-04-17|Liveoptræden|Jeg optrådte med mit band i Lille Vega.,Jeg optrådte med mit band i Lille Vega.,9,./archive/legacy/200_calendar/2009/09_04_17_vega/CIMG0460.jpg,,Skal gennemgås
2009-04-17|Liveoptræden|Jeg optrådte med mit band i Lille Vega.,Jeg optrådte med mit band i Lille Vega.,10,./archive/legacy/200_calendar/2009/09_04_17_vega/CIMG0425.jpg,,Skal gennemgås
2009-04-17|Liveoptræden|Jeg optrådte med mit band i Lille Vega.,Jeg optrådte med mit band i Lille Vega.,11,./archive/legacy/200_calendar/2009/09_04_17_vega/CIMG0439.jpg,,Skal gennemgås
2009-04-17|Liveoptræden|Jeg optrådte med mit band i Lille Vega.,Jeg optrådte med mit band i Lille Vega.,12,./archive/legacy/200_calendar/2009/09_04_17_vega/CIMG0459.jpg,,Skal gennemgås
"2009-03-13|Udstilling|Fårårsudstilling - Várframsyning, Listaskálin, Thorshavn, Færøerne.","Fårårsudstilling - Várframsyning, Listaskálin, Thorshavn, Færøerne.",1,./archive/legacy/200_calendar/2009/09_03_13_vaarframsyning/CIMG0119.jpg,,Skal gennemgås
"2009-03-13|Udstilling|Fårårsudstilling - Várframsyning, Listaskálin, Thorshavn, Færøerne.","Fårårsudstilling - Várframsyning, Listaskálin, Thorshavn, Færøerne.",2,./archive/legacy/200_calendar/2009/09_03_13_vaarframsyning/dsc0029.jpg,,Skal gennemgås
"2009-03-13|Udstilling|Fårårsudstilling - Várframsyning, Listaskálin, Thorshavn, Færøerne.","Fårårsudstilling - Várframsyning, Listaskálin, Thorshavn, Færøerne.",3,./archive/legacy/200_calendar/2009/09_03_13_vaarframsyning/dsc0035_1.jpg,,Skal gennemgås
"2009-03-13|Udstilling|Fårårsudstilling - Várframsyning, Listaskálin, Thorshavn, Færøerne.","Fårårsudstilling - Várframsyning, Listaskálin, Thorshavn, Færøerne.",4,./archive/legacy/200_calendar/2009/09_03_13_vaarframsyning/dsc0150.jpg,,Skal gennemgås
"2009-03-13|Udstilling|Fårårsudstilling - Várframsyning, Listaskálin, Thorshavn, Færøerne.","Fårårsudstilling - Várframsyning, Listaskálin, Thorshavn, Færøerne.",5,./archive/legacy/200_calendar/2009/09_03_13_vaarframsyning/CIMG0117.jpg,,Skal gennemgås
"2009-03-13|Udstilling|Fårårsudstilling - Várframsyning, Listaskálin, Thorshavn, Færøerne.","Fårårsudstilling - Várframsyning, Listaskálin, Thorshavn, Færøerne.",6,./archive/legacy/200_calendar/2009/09_03_13_vaarframsyning/CIMG0116.jpg,,Skal gennemgås
"2009-03-13|Udstilling|Fårårsudstilling - Várframsyning, Listaskálin, Thorshavn, Færøerne.","Fårårsudstilling - Várframsyning, Listaskálin, Thorshavn, Færøerne.",7,./archive/legacy/200_calendar/2009/09_03_13_vaarframsyning/CIMG0135.jpg,,Skal gennemgås
"2009-03-13|Udstilling|Fårårsudstilling - Várframsyning, Listaskálin, Thorshavn, Færøerne.","Fårårsudstilling - Várframsyning, Listaskálin, Thorshavn, Færøerne.",8,./archive/legacy/200_calendar/2009/09_03_13_vaarframsyning/CIMG0136.jpg,,Skal gennemgås
"2009-03-13|Udstilling|Fårårsudstilling - Várframsyning, Listaskálin, Thorshavn, Færøerne.","Fårårsudstilling - Várframsyning, Listaskálin, Thorshavn, Færøerne.",9,./archive/legacy/200_calendar/2009/09_03_13_vaarframsyning/dsc0145.jpg,,Skal gennemgås
"2009-03-13|Udstilling|Fårårsudstilling - Várframsyning, Listaskálin, Thorshavn, Færøerne.","Fårårsudstilling - Várframsyning, Listaskálin, Thorshavn, Færøerne.",10,./archive/legacy/200_calendar/2009/09_03_13_vaarframsyning/IMG_4185.jpg,,Skal gennemgås
"2009-03-13|Udstilling|Fårårsudstilling - Várframsyning, Listaskálin, Thorshavn, Færøerne.","Fårårsudstilling - Várframsyning, Listaskálin, Thorshavn, Færøerne.",11,./archive/legacy/200_calendar/2009/09_03_13_vaarframsyning/IMG_4188.jpg,,Skal gennemgås
"2009-03-13|Udstilling|Fårårsudstilling - Várframsyning, Listaskálin, Thorshavn, Færøerne.","Fårårsudstilling - Várframsyning, Listaskálin, Thorshavn, Færøerne.",12,./archive/legacy/200_calendar/2009/09_03_13_vaarframsyning/IMG_4189.jpg,,Skal gennemgås
"2009-03-13|Udstilling|Fårårsudstilling - Várframsyning, Listaskálin, Thorshavn, Færøerne.","Fårårsudstilling - Várframsyning, Listaskálin, Thorshavn, Færøerne.",13,./archive/legacy/200_calendar/2009/09_03_13_vaarframsyning/IMG_4187.jpg,,Skal gennemgås
"2009-03-13|Udstilling|Fårårsudstilling - Várframsyning, Listaskálin, Thorshavn, Færøerne.","Fårårsudstilling - Várframsyning, Listaskálin, Thorshavn, Færøerne.",14,./archive/legacy/200_calendar/2009/09_03_13_vaarframsyning/IMG_4184.jpg,,Skal gennemgås
"2009-03-13|Udstilling|Fårårsudstilling - Várframsyning, Listaskálin, Thorshavn, Færøerne.","Fårårsudstilling - Várframsyning, Listaskálin, Thorshavn, Færøerne.",15,./archive/legacy/200_calendar/2009/09_03_13_vaarframsyning/IMG_4186.jpg,,Skal gennemgås
"2009-03-13|Udstilling|Fårårsudstilling - Várframsyning, Listaskálin, Thorshavn, Færøerne.","Fårårsudstilling - Várframsyning, Listaskálin, Thorshavn, Færøerne.",16,./archive/legacy/200_calendar/2009/09_03_13_vaarframsyning/CIMG0125.jpg,,Skal gennemgås
"2009-03-13|Udstilling|Fårårsudstilling - Várframsyning, Listaskálin, Thorshavn, Færøerne.","Fårårsudstilling - Várframsyning, Listaskálin, Thorshavn, Færøerne.",17,./archive/legacy/200_calendar/2009/09_03_13_vaarframsyning/CIMG0132.jpg,,Skal gennemgås
"2009-03-13|Udstilling|Fårårsudstilling - Várframsyning, Listaskálin, Thorshavn, Færøerne.","Fårårsudstilling - Várframsyning, Listaskálin, Thorshavn, Færøerne.",18,./archive/legacy/200_calendar/2009/09_03_13_vaarframsyning/dsc0191.jpg,,Skal gennemgås
"2009-03-13|Udstilling|Fårårsudstilling - Várframsyning, Listaskálin, Thorshavn, Færøerne.","Fårårsudstilling - Várframsyning, Listaskálin, Thorshavn, Færøerne.",19,./archive/legacy/200_calendar/2009/09_03_13_vaarframsyning/CIMG0164-copy.jpg,,Skal gennemgås
"2009-03-13|Udstilling|Fårårsudstilling - Várframsyning, Listaskálin, Thorshavn, Færøerne.","Fårårsudstilling - Várframsyning, Listaskálin, Thorshavn, Færøerne.",20,./archive/legacy/200_calendar/2009/09_03_13_vaarframsyning/CIMG0164.jpg,,Skal gennemgås
"2009-03-13|Udstilling|Fårårsudstilling - Várframsyning, Listaskálin, Thorshavn, Færøerne.","Fårårsudstilling - Várframsyning, Listaskálin, Thorshavn, Færøerne.",21,./archive/legacy/200_calendar/2009/09_03_13_vaarframsyning/CIMG0167.jpg,,Skal gennemgås
"2009-03-13|Udstilling|Fårårsudstilling - Várframsyning, Listaskálin, Thorshavn, Færøerne.","Fårårsudstilling - Várframsyning, Listaskálin, Thorshavn, Færøerne.",22,./archive/legacy/200_calendar/2009/09_03_13_vaarframsyning/text_festtoej.jpg,,Skal gennemgås
"2009-03-13|Udstilling|Fårårsudstilling - Várframsyning, Listaskálin, Thorshavn, Færøerne.","Fårårsudstilling - Várframsyning, Listaskálin, Thorshavn, Færøerne.",23,./archive/legacy/200_calendar/2009/09_03_13_vaarframsyning/text_strandtoej.jpg,,Skal gennemgås
"2009-03-13|Udstilling|Fårårsudstilling - Várframsyning, Listaskálin, Thorshavn, Færøerne.","Fårårsudstilling - Várframsyning, Listaskálin, Thorshavn, Færøerne.",24,./archive/legacy/200_calendar/2009/09_03_13_vaarframsyning/text_hverdagstoej.jpg,,Skal gennemgås
2008-09-20|Liveoptræden|Jeg optrådte med mit band på Warehouse 9 i København.,Jeg optrådte med mit band på Warehouse 9 i København.,1,./archive/legacy/200_calendar/2008/08_09_20_band_show/IMG_2357.jpg,,Skal gennemgås
2008-09-20|Liveoptræden|Jeg optrådte med mit band på Warehouse 9 i København.,Jeg optrådte med mit band på Warehouse 9 i København.,2,./archive/legacy/200_calendar/2008/08_09_20_band_show/IMG_2368.jpg,,Skal gennemgås
2008-09-20|Liveoptræden|Jeg optrådte med mit band på Warehouse 9 i København.,Jeg optrådte med mit band på Warehouse 9 i København.,3,./archive/legacy/200_calendar/2008/08_09_20_band_show/IMG_2366.jpg,,Skal gennemgås
2008-09-20|Liveoptræden|Jeg optrådte med mit band på Warehouse 9 i København.,Jeg optrådte med mit band på Warehouse 9 i København.,4,./archive/legacy/200_calendar/2008/08_09_20_band_show/IMG_2356.jpg,,Skal gennemgås
"2008-09-06|Optræden|Færøsk Transvestit, Co-Lab, Nørre Søgade 17, København","Færøsk Transvestit, Co-Lab, Nørre Søgade 17, København",1,./archive/legacy/200_calendar/2008/08_09_06_co-lab_performance/performance_flyer.jpg,,Skal gennemgås
"2008-09-06|Optræden|Færøsk Transvestit, Co-Lab, Nørre Søgade 17, København","Færøsk Transvestit, Co-Lab, Nørre Søgade 17, København",2,./archive/legacy/200_calendar/2008/08_09_06_co-lab_performance/01.jpg,,Skal gennemgås
"2008-09-06|Optræden|Færøsk Transvestit, Co-Lab, Nørre Søgade 17, København","Færøsk Transvestit, Co-Lab, Nørre Søgade 17, København",3,./archive/legacy/200_calendar/2008/08_09_06_co-lab_performance/02.jpg,,Skal gennemgås
"2008-09-06|Optræden|Færøsk Transvestit, Co-Lab, Nørre Søgade 17, København","Færøsk Transvestit, Co-Lab, Nørre Søgade 17, København",4,./archive/legacy/200_calendar/2008/08_09_06_co-lab_performance/03.jpg,,Skal gennemgås
"2008-09-06|Optræden|Færøsk Transvestit, Co-Lab, Nørre Søgade 17, København","Færøsk Transvestit, Co-Lab, Nørre Søgade 17, København",5,./archive/legacy/200_calendar/2008/08_09_06_co-lab_performance/04.jpg,,Skal gennemgås
"2008-09-06|Optræden|Færøsk Transvestit, Co-Lab, Nørre Søgade 17, København","Færøsk Transvestit, Co-Lab, Nørre Søgade 17, København",6,./archive/legacy/200_calendar/2008/08_09_06_co-lab_performance/05.jpg,,Skal gennemgås
2008-08-09|Modeshow|Jeg gik model for Barbara í Gongini under Københavns modeuge.,Jeg gik model for Barbara í Gongini under Københavns modeuge.,1,./archive/legacy/200_calendar/2008/08_08_09_modeshow/dennis_karinajoenson.jpg,,Skal gennemgås
2008-08-09|Modeshow|Jeg gik model for Barbara í Gongini under Københavns modeuge.,Jeg gik model for Barbara í Gongini under Københavns modeuge.,2,./archive/legacy/200_calendar/2008/08_08_09_modeshow/02.jpg,,Skal gennemgås
2008-08-09|Modeshow|Jeg gik model for Barbara í Gongini under Københavns modeuge.,Jeg gik model for Barbara í Gongini under Københavns modeuge.,3,./archive/legacy/200_calendar/2008/08_08_09_modeshow/01.jpg,,Skal gennemgås
2008-08-09|Modeshow|Jeg gik model for Barbara í Gongini under Københavns modeuge.,Jeg gik model for Barbara í Gongini under Københavns modeuge.,4,./archive/legacy/200_calendar/2008/08_08_09_modeshow/03.jpg,,Skal gennemgås
2008-08-09|Modeshow|Jeg gik model for Barbara í Gongini under Københavns modeuge.,Jeg gik model for Barbara í Gongini under Københavns modeuge.,5,./archive/legacy/200_calendar/2008/08_08_09_modeshow/logo.gif,,Skal gennemgås
"2008-07-19|Liveoptræden|Færøernes Første Dragshow, G! mini Festival, Grundin, Gøtu, Færøerne.","Færøernes Første Dragshow, G! mini Festival, Grundin, Gøtu, Færøerne.",1,./archive/legacy/200_calendar/2008/08_07_19_dennis/06_mureldur.jpg,,Skal gennemgås
"2008-07-19|Liveoptræden|Færøernes Første Dragshow, G! mini Festival, Grundin, Gøtu, Færøerne.","Færøernes Første Dragshow, G! mini Festival, Grundin, Gøtu, Færøerne.",2,./archive/legacy/200_calendar/2008/08_07_19_dennis/07_mureldur.jpg,,Skal gennemgås
"2008-07-19|Liveoptræden|Færøernes Første Dragshow, G! mini Festival, Grundin, Gøtu, Færøerne.","Færøernes Første Dragshow, G! mini Festival, Grundin, Gøtu, Færøerne.",3,./archive/legacy/200_calendar/2008/08_07_19_dennis/barbara_vang_02.jpg,,Skal gennemgås
"2008-07-19|Liveoptræden|Færøernes Første Dragshow, G! mini Festival, Grundin, Gøtu, Færøerne.","Færøernes Første Dragshow, G! mini Festival, Grundin, Gøtu, Færøerne.",4,./archive/legacy/200_calendar/2008/08_07_19_dennis/dennis_red_02.jpg,,Skal gennemgås
"2008-07-19|Liveoptræden|Færøernes Første Dragshow, G! mini Festival, Grundin, Gøtu, Færøerne.","Færøernes Første Dragshow, G! mini Festival, Grundin, Gøtu, Færøerne.",5,./archive/legacy/200_calendar/2008/08_07_19_dennis/dennis_scene_02.jpg,,Skal gennemgås
"2008-07-19|Liveoptræden|Færøernes Første Dragshow, G! mini Festival, Grundin, Gøtu, Færøerne.","Færøernes Første Dragshow, G! mini Festival, Grundin, Gøtu, Færøerne.",6,./archive/legacy/200_calendar/2008/08_07_19_dennis/dennis_scene_01.jpg,,Skal gennemgås
"2008-07-19|Liveoptræden|Færøernes Første Dragshow, G! mini Festival, Grundin, Gøtu, Færøerne.","Færøernes Første Dragshow, G! mini Festival, Grundin, Gøtu, Færøerne.",7,./archive/legacy/200_calendar/2008/08_07_19_dennis/dennis_ben_02.jpg,,Skal gennemgås
"2008-07-19|Liveoptræden|Færøernes Første Dragshow, G! mini Festival, Grundin, Gøtu, Færøerne.","Færøernes Første Dragshow, G! mini Festival, Grundin, Gøtu, Færøerne.",8,./archive/legacy/200_calendar/2008/08_07_19_dennis/barbara_vang_01.jpg,,Skal gennemgås
"2008-07-18|Liveoptræden|Min duo ""maður:glotti"" Live på ""G! mini Festival"", Gøtu, Færøerne.","Min duo ""maður:glotti"" Live på ""G! mini Festival"", Gøtu, Færøerne.",1,./archive/legacy/200_calendar/2008/08_07_18_madurglotti/03_mureldur.jpg,,Skal gennemgås
"2008-07-18|Liveoptræden|Min duo ""maður:glotti"" Live på ""G! mini Festival"", Gøtu, Færøerne.","Min duo ""maður:glotti"" Live på ""G! mini Festival"", Gøtu, Færøerne.",2,./archive/legacy/200_calendar/2008/08_07_18_madurglotti/07_mureldur.jpg,,Skal gennemgås
"2008-07-18|Liveoptræden|Min duo ""maður:glotti"" Live på ""G! mini Festival"", Gøtu, Færøerne.","Min duo ""maður:glotti"" Live på ""G! mini Festival"", Gøtu, Færøerne.",3,./archive/legacy/200_calendar/2008/08_07_18_madurglotti/05_mureldur.jpg,,Skal gennemgås
"2008-07-18|Liveoptræden|Min duo ""maður:glotti"" Live på ""G! mini Festival"", Gøtu, Færøerne.","Min duo ""maður:glotti"" Live på ""G! mini Festival"", Gøtu, Færøerne.",4,./archive/legacy/200_calendar/2008/08_07_18_madurglotti/01_mureldur.jpg,,Skal gennemgås
"2008-07-18|Liveoptræden|Min duo ""maður:glotti"" Live på ""G! mini Festival"", Gøtu, Færøerne.","Min duo ""maður:glotti"" Live på ""G! mini Festival"", Gøtu, Færøerne.",5,./archive/legacy/200_calendar/2008/08_07_18_madurglotti/dennis_01.jpg,,Skal gennemgås
"2008-07-18|Liveoptræden|Min duo ""maður:glotti"" Live på ""G! mini Festival"", Gøtu, Færøerne.","Min duo ""maður:glotti"" Live på ""G! mini Festival"", Gøtu, Færøerne.",6,./archive/legacy/200_calendar/2008/08_07_18_madurglotti/dennis_02.jpg,,Skal gennemgås
"2008-07-18|Liveoptræden|Min duo ""maður:glotti"" Live på ""G! mini Festival"", Gøtu, Færøerne.","Min duo ""maður:glotti"" Live på ""G! mini Festival"", Gøtu, Færøerne.",7,./archive/legacy/200_calendar/2008/08_07_18_madurglotti/dans.jpg,,Skal gennemgås
"2008-07-18|Liveoptræden|Min duo ""maður:glotti"" Live på ""G! mini Festival"", Gøtu, Færøerne.","Min duo ""maður:glotti"" Live på ""G! mini Festival"", Gøtu, Færøerne.",8,./archive/legacy/200_calendar/2008/08_07_18_madurglotti/06_mureldur.jpg,,Skal gennemgås
2008-06-12|DJ|Bryn og jeg var DJ’s på Jolene i København.,Bryn og jeg var DJ’s på Jolene i København.,1,./archive/legacy/200_calendar/2008/08_06_12_jolene/IMG_2954.jpg,,Skal gennemgås
2008-06-12|DJ|Bryn og jeg var DJ’s på Jolene i København.,Bryn og jeg var DJ’s på Jolene i København.,2,./archive/legacy/200_calendar/2008/08_06_12_jolene/IMG_2945.jpg,,Skal gennemgås
2008-06-12|DJ|Bryn og jeg var DJ’s på Jolene i København.,Bryn og jeg var DJ’s på Jolene i København.,3,./archive/legacy/200_calendar/2008/08_06_12_jolene/IMG_2958.jpg,,Skal gennemgås
2008-06-12|DJ|Bryn og jeg var DJ’s på Jolene i København.,Bryn og jeg var DJ’s på Jolene i København.,4,./archive/legacy/200_calendar/2008/08_06_12_jolene/lp_hands_lille.jpg,,Skal gennemgås
"2008-05-03|Udstilling|Atlantic Soundscapes, Bruxelles, Belgien.","Atlantic Soundscapes, Bruxelles, Belgien.",1,./archive/legacy/200_calendar/2008/08_05_03_bruxelles/Atlantic-Soundscapes-program-&-flyer.jpg,,Skal gennemgås
2008-04-04|Liveoptræden|Jeg optrådte med mit band på Camp X i Frederiksberg.,Jeg optrådte med mit band på Camp X i Frederiksberg.,1,./archive/legacy/200_calendar/2008/08_04_04_camp_x/dennis4.jpg,,Skal gennemgås
2008-04-04|Liveoptræden|Jeg optrådte med mit band på Camp X i Frederiksberg.,Jeg optrådte med mit band på Camp X i Frederiksberg.,2,./archive/legacy/200_calendar/2008/08_04_04_camp_x/dennis6.jpg,,Skal gennemgås
2008-04-04|Liveoptræden|Jeg optrådte med mit band på Camp X i Frederiksberg.,Jeg optrådte med mit band på Camp X i Frederiksberg.,3,./archive/legacy/200_calendar/2008/08_04_04_camp_x/dennis7.jpg,,Skal gennemgås
2008-04-04|Liveoptræden|Jeg optrådte med mit band på Camp X i Frederiksberg.,Jeg optrådte med mit band på Camp X i Frederiksberg.,4,./archive/legacy/200_calendar/2008/08_04_04_camp_x/dennis3.jpg,,Skal gennemgås
2008-04-04|Liveoptræden|Jeg optrådte med mit band på Camp X i Frederiksberg.,Jeg optrådte med mit band på Camp X i Frederiksberg.,5,./archive/legacy/200_calendar/2008/08_04_04_camp_x/dennis5.jpg,,Skal gennemgås
2008-04-04|Liveoptræden|Jeg optrådte med mit band på Camp X i Frederiksberg.,Jeg optrådte med mit band på Camp X i Frederiksberg.,6,./archive/legacy/200_calendar/2008/08_04_04_camp_x/dennis2.jpg,,Skal gennemgås
2008-04-04|Liveoptræden|Jeg optrådte med mit band på Camp X i Frederiksberg.,Jeg optrådte med mit band på Camp X i Frederiksberg.,7,./archive/legacy/200_calendar/2008/08_04_04_camp_x/dennis1.jpg,,Skal gennemgås
2008-04-04|Liveoptræden|Jeg optrådte med mit band på Camp X i Frederiksberg.,Jeg optrådte med mit band på Camp X i Frederiksberg.,8,./archive/legacy/200_calendar/2008/08_04_04_camp_x/flyer_02.jpg,,Skal gennemgås
2008-04-04|Liveoptræden|Jeg optrådte med mit band på Camp X i Frederiksberg.,Jeg optrådte med mit band på Camp X i Frederiksberg.,9,./archive/legacy/200_calendar/logoer/camp-x.gif,,Skal gennemgås
"2008-01-30|Udstilling|Æggen, Trapholt, Danmark.","Æggen, Trapholt, Danmark.",1,./archive/legacy/200_calendar/2007/07_10_19_eggen/dennis_agerblad_01.jpg,,Skal gennemgås
"2007-12-15|Liveoptræden|Udgivelsesfest for Broken Mirror Records, Warehouse 9, København.","Udgivelsesfest for Broken Mirror Records, Warehouse 9, København.",1,./archive/legacy/200_calendar/2007/07_12_15_broken_mirror/02.jpg,,Skal gennemgås
"2007-12-15|Liveoptræden|Udgivelsesfest for Broken Mirror Records, Warehouse 9, København.","Udgivelsesfest for Broken Mirror Records, Warehouse 9, København.",2,./archive/legacy/200_calendar/2007/07_12_15_broken_mirror/01.jpg,,Skal gennemgås
"2007-12-15|Liveoptræden|Udgivelsesfest for Broken Mirror Records, Warehouse 9, København.","Udgivelsesfest for Broken Mirror Records, Warehouse 9, København.",3,./archive/legacy/200_calendar/2007/07_12_15_broken_mirror/03.jpg,,Skal gennemgås
"2007-12-15|Liveoptræden|Udgivelsesfest for Broken Mirror Records, Warehouse 9, København.","Udgivelsesfest for Broken Mirror Records, Warehouse 9, København.",4,./archive/legacy/200_calendar/2007/07_12_15_broken_mirror/flyer.jpg,,Skal gennemgås
"2007-10-19|Udstilling|Æggen, Nordatlantens Brygge, København.","Æggen, Nordatlantens Brygge, København.",1,./archive/legacy/200_calendar/2007/07_10_19_eggen/dennis_agerblad_01.jpg,,Skal gennemgås
"2007-10-19|Udstilling|Æggen, Nordatlantens Brygge, København.","Æggen, Nordatlantens Brygge, København.",2,./archive/legacy/200_calendar/2007/07_10_19_eggen/tina_trasch.jpg,,Skal gennemgås
"2007-10-19|Udstilling|Æggen, Nordatlantens Brygge, København.","Æggen, Nordatlantens Brygge, København.",3,./archive/legacy/200_calendar/2007/07_10_19_eggen/flyer.jpg,,Skal gennemgås
"2007-09-15|Optræden|Dunst meets Sabaah, Råhuset, København.","Dunst meets Sabaah, Råhuset, København.",1,./archive/legacy/200_calendar/2007/07_09_15_sabaah_dunst/dennis_agerblad_4.jpg,,Skal gennemgås
"2007-09-15|Optræden|Dunst meets Sabaah, Råhuset, København.","Dunst meets Sabaah, Råhuset, København.",2,./archive/legacy/200_calendar/2007/07_09_15_sabaah_dunst/Scan 021.jpg,,Skal gennemgås
"2007-09-15|Optræden|Dunst meets Sabaah, Råhuset, København.","Dunst meets Sabaah, Råhuset, København.",3,./archive/legacy/200_calendar/2007/07_09_15_sabaah_dunst/Scan 003.jpg,,Skal gennemgås
"2007-09-15|Optræden|Dunst meets Sabaah, Råhuset, København.","Dunst meets Sabaah, Råhuset, København.",4,./archive/legacy/200_calendar/2007/07_09_15_sabaah_dunst/dennis_agerblad_3.jpg,,Skal gennemgås
"2007-09-15|Optræden|Dunst meets Sabaah, Råhuset, København.","Dunst meets Sabaah, Råhuset, København.",5,./archive/legacy/200_calendar/2007/07_09_15_sabaah_dunst/Scan 010.jpg,,Skal gennemgås
"2007-09-15|Optræden|Dunst meets Sabaah, Råhuset, København.","Dunst meets Sabaah, Råhuset, København.",6,./archive/legacy/200_calendar/2007/07_09_15_sabaah_dunst/Scan 012.jpg,,Skal gennemgås
"2007-09-15|Optræden|Dunst meets Sabaah, Råhuset, København.","Dunst meets Sabaah, Råhuset, København.",7,./archive/legacy/200_calendar/2007/07_09_15_sabaah_dunst/Scan 016.jpg,,Skal gennemgås
"2007-05-12|Liveoptræden|Broken Mirror Records-lanceringsfest, Warehouse 9, København.","Broken Mirror Records-lanceringsfest, Warehouse 9, København.",1,./archive/legacy/200_calendar/2007/07_05_12_bmr/_MG_2869.jpg,,Skal gennemgås
"2007-05-12|Liveoptræden|Broken Mirror Records-lanceringsfest, Warehouse 9, København.","Broken Mirror Records-lanceringsfest, Warehouse 9, København.",2,./archive/legacy/200_calendar/2007/07_05_12_bmr/release-party-006.jpg,,Skal gennemgås
"2007-05-12|Liveoptræden|Broken Mirror Records-lanceringsfest, Warehouse 9, København.","Broken Mirror Records-lanceringsfest, Warehouse 9, København.",3,./archive/legacy/200_calendar/2007/07_05_12_bmr/img_2895.jpg,,Skal gennemgås
"2007-05-12|Liveoptræden|Broken Mirror Records-lanceringsfest, Warehouse 9, København.","Broken Mirror Records-lanceringsfest, Warehouse 9, København.",4,./archive/legacy/200_calendar/2007/07_05_12_bmr/dennis_01.jpg,,Skal gennemgås
"2007-05-12|Liveoptræden|Broken Mirror Records-lanceringsfest, Warehouse 9, København.","Broken Mirror Records-lanceringsfest, Warehouse 9, København.",5,./archive/legacy/200_calendar/2007/07_05_12_bmr/_MG_2902.jpg,,Skal gennemgås
"2007-05-12|Liveoptræden|Broken Mirror Records-lanceringsfest, Warehouse 9, København.","Broken Mirror Records-lanceringsfest, Warehouse 9, København.",6,./archive/legacy/200_calendar/2007/07_05_12_bmr/dennis_02.jpg,,Skal gennemgås
"2007-05-12|Liveoptræden|Broken Mirror Records-lanceringsfest, Warehouse 9, København.","Broken Mirror Records-lanceringsfest, Warehouse 9, København.",7,./archive/legacy/200_calendar/2007/07_05_12_bmr/dennis_03.jpg,,Skal gennemgås
"2007-05-12|Liveoptræden|Broken Mirror Records-lanceringsfest, Warehouse 9, København.","Broken Mirror Records-lanceringsfest, Warehouse 9, København.",8,./archive/legacy/200_calendar/2007/07_05_12_bmr/dennis_04.jpg,,Skal gennemgås
"2006-12-15|Optræden|Rode Rage Røvhuls-Pyramide-Dunst-fest, København.","Rode Rage Røvhuls-Pyramide-Dunst-fest, København.",1,./archive/legacy/200_calendar/2006/06_12_15_pyramide/dennis_agerblad_neglelak.jpg,,Skal gennemgås
"2006-12-15|Optræden|Rode Rage Røvhuls-Pyramide-Dunst-fest, København.","Rode Rage Røvhuls-Pyramide-Dunst-fest, København.",2,./archive/legacy/200_calendar/2006/06_12_15_pyramide/IMG_0836.jpg,,Skal gennemgås
"2006-12-15|Optræden|Rode Rage Røvhuls-Pyramide-Dunst-fest, København.","Rode Rage Røvhuls-Pyramide-Dunst-fest, København.",3,./archive/legacy/200_calendar/2006/06_12_15_pyramide/IMG_0820.jpg,,Skal gennemgås
"2006-11-03|Liveoptræden|Elektriske Hjerter i Flødesovs, Operaen, Christiania, København.","Elektriske Hjerter i Flødesovs, Operaen, Christiania, København.",1,./archive/legacy/200_calendar/2006/06_11_03_hjerter_i_foedesovs/IMG_6545.jpg,,Skal gennemgås
"2006-11-03|Liveoptræden|Elektriske Hjerter i Flødesovs, Operaen, Christiania, København.","Elektriske Hjerter i Flødesovs, Operaen, Christiania, København.",2,./archive/legacy/200_calendar/2006/06_11_03_hjerter_i_foedesovs/IMG_6535.jpg,,Skal gennemgås
"2006-11-03|Liveoptræden|Elektriske Hjerter i Flødesovs, Operaen, Christiania, København.","Elektriske Hjerter i Flødesovs, Operaen, Christiania, København.",3,./archive/legacy/200_calendar/2006/06_11_03_hjerter_i_foedesovs/IMG_6542.jpg,,Skal gennemgås
"2006-11-03|Liveoptræden|Elektriske Hjerter i Flødesovs, Operaen, Christiania, København.","Elektriske Hjerter i Flødesovs, Operaen, Christiania, København.",4,./archive/legacy/200_calendar/2006/06_11_03_hjerter_i_foedesovs/IMG_6569.jpg,,Skal gennemgås
"2006-11-03|Liveoptræden|Elektriske Hjerter i Flødesovs, Operaen, Christiania, København.","Elektriske Hjerter i Flødesovs, Operaen, Christiania, København.",5,./archive/legacy/200_calendar/2006/06_11_03_hjerter_i_foedesovs/arty_farty.jpg,,Skal gennemgås
"2006-11-03|Liveoptræden|Elektriske Hjerter i Flødesovs, Operaen, Christiania, København.","Elektriske Hjerter i Flødesovs, Operaen, Christiania, København.",6,./archive/legacy/200_calendar/2006/06_11_03_hjerter_i_foedesovs/IMG_6586.jpg,,Skal gennemgås
"2006-11-03|Liveoptræden|Elektriske Hjerter i Flødesovs, Operaen, Christiania, København.","Elektriske Hjerter i Flødesovs, Operaen, Christiania, København.",7,./archive/legacy/200_calendar/2006/06_11_03_hjerter_i_foedesovs/IMG_6583.jpg,,Skal gennemgås
"2006-07-22|Optræden|CSD-fest, Berlin.","CSD-fest, Berlin.",1,./archive/legacy/200_calendar/2006/06_07_22_csd_berlin/IMG_0236.jpg,,Skal gennemgås
"2006-07-22|Optræden|CSD-fest, Berlin.","CSD-fest, Berlin.",2,./archive/legacy/200_calendar/2006/06_07_22_csd_berlin/IMG_0238.jpg,,Skal gennemgås
"2006-07-22|Optræden|CSD-fest, Berlin.","CSD-fest, Berlin.",3,./archive/legacy/200_calendar/2006/06_07_22_csd_berlin/csd_arena_berlin.jpg,,Skal gennemgås
"2006-07-22|Optræden|CSD-fest, Berlin.","CSD-fest, Berlin.",4,./archive/legacy/200_calendar/2006/06_07_22_csd_berlin/IMG_0258.jpg,,Skal gennemgås
"2006-07-22|Optræden|CSD-fest, Berlin.","CSD-fest, Berlin.",5,./archive/legacy/200_calendar/2006/06_07_22_csd_berlin/IMG_0263.jpg,,Skal gennemgås
"2006-07-22|Optræden|CSD-fest, Berlin.","CSD-fest, Berlin.",6,./archive/legacy/200_calendar/2006/06_07_22_csd_berlin/IMG_0265.jpg,,Skal gennemgås
"2006-07-22|Optræden|CSD-fest, Berlin.","CSD-fest, Berlin.",7,./archive/legacy/200_calendar/2006/06_07_22_csd_berlin/IMG_0291.jpg,,Skal gennemgås
"2006-07-22|Optræden|CSD-fest, Berlin.","CSD-fest, Berlin.",8,./archive/legacy/200_calendar/2006/06_07_22_csd_berlin/IMG_0269.jpg,,Skal gennemgås
"2006-07-08|Liveoptræden|Shave Your Pet, Dunst-fest, København.","Shave Your Pet, Dunst-fest, København.",1,./archive/legacy/200_calendar/2006/06_07_08_shave_your_pet/2006_07_08_pet.jpg,,Skal gennemgås
"2006-07-08|Liveoptræden|Shave Your Pet, Dunst-fest, København.","Shave Your Pet, Dunst-fest, København.",2,./archive/legacy/200_calendar/2006/06_07_08_shave_your_pet/IMG_0109.jpg,,Skal gennemgås
"2006-07-08|Liveoptræden|Shave Your Pet, Dunst-fest, København.","Shave Your Pet, Dunst-fest, København.",3,./archive/legacy/200_calendar/2006/06_07_08_shave_your_pet/IMG_0075.jpg,,Skal gennemgås
"2006-07-08|Liveoptræden|Shave Your Pet, Dunst-fest, København.","Shave Your Pet, Dunst-fest, København.",4,./archive/legacy/200_calendar/2006/06_07_08_shave_your_pet/IMG_0161.jpg,,Skal gennemgås
"2006-07-08|Liveoptræden|Shave Your Pet, Dunst-fest, København.","Shave Your Pet, Dunst-fest, København.",5,./archive/legacy/200_calendar/2006/06_07_08_shave_your_pet/IMG_0086.jpg,,Skal gennemgås
"2006-07-08|Liveoptræden|Shave Your Pet, Dunst-fest, København.","Shave Your Pet, Dunst-fest, København.",6,./archive/legacy/200_calendar/2006/06_07_08_shave_your_pet/IMG_0126.jpg,,Skal gennemgås
"2006-07-08|Liveoptræden|Shave Your Pet, Dunst-fest, København.","Shave Your Pet, Dunst-fest, København.",7,./archive/legacy/200_calendar/2006/06_07_08_shave_your_pet/gkt_flyer.jpg,,Skal gennemgås
"2006-07-03|Optræden|Queerfestival, København.","Queerfestival, København.",1,./archive/legacy/200_calendar/2006/06_07_03_queer_festival/scan0001.jpg,,Skal gennemgås
"2006-07-03|Optræden|Queerfestival, København.","Queerfestival, København.",2,./archive/legacy/200_calendar/2006/06_07_03_queer_festival/IMG_9852.jpg,,Skal gennemgås
"2006-07-03|Optræden|Queerfestival, København.","Queerfestival, København.",3,./archive/legacy/200_calendar/2006/06_07_03_queer_festival/Queerfestival2 lille.jpg,,Skal gennemgås
"2006-07-03|Optræden|Queerfestival, København.","Queerfestival, København.",4,./archive/legacy/200_calendar/2006/06_07_03_queer_festival/Queerfestival3 lille.jpg,,Skal gennemgås
"2006-07-03|Optræden|Queerfestival, København.","Queerfestival, København.",5,./archive/legacy/200_calendar/2006/06_07_03_queer_festival/Queerfestival1 lille.jpg,,Skal gennemgås
"2006-07-03|Optræden|Queerfestival, København.","Queerfestival, København.",6,./archive/legacy/200_calendar/2006/06_07_03_queer_festival/Queerfestival4 lille.jpg,,Skal gennemgås
"2006-07-03|Optræden|Queerfestival, København.","Queerfestival, København.",7,./archive/legacy/200_calendar/2006/06_07_03_queer_festival/IMG_9747.jpg,,Skal gennemgås
"2006-07-03|Optræden|Queerfestival, København.","Queerfestival, København.",8,./archive/legacy/200_calendar/2006/06_07_03_queer_festival/IMG_9750.jpg,,Skal gennemgås
"2006-07-03|Optræden|Queerfestival, København.","Queerfestival, København.",9,./archive/legacy/200_calendar/2006/06_07_03_queer_festival/IMG_9752.jpg,,Skal gennemgås
"2006-07-03|Optræden|Queerfestival, København.","Queerfestival, København.",10,./archive/legacy/200_calendar/2006/06_07_03_queer_festival/IMG_9757.jpg,,Skal gennemgås
"2006-07-03|Optræden|Queerfestival, København.","Queerfestival, København.",11,./archive/legacy/200_calendar/2006/06_07_03_queer_festival/IMG_9761.jpg,,Skal gennemgås
"2006-07-03|Optræden|Queerfestival, København.","Queerfestival, København.",12,./archive/legacy/200_calendar/2006/06_07_03_queer_festival/IMG_9763.jpg,,Skal gennemgås
"2006-07-03|Optræden|Queerfestival, København.","Queerfestival, København.",13,./archive/legacy/200_calendar/2006/06_07_03_queer_festival/IMG_9782.jpg,,Skal gennemgås
"2006-07-03|Optræden|Queerfestival, København.","Queerfestival, København.",14,./archive/legacy/200_calendar/2006/06_07_03_queer_festival/IMG_9765.jpg,,Skal gennemgås
"2006-07-03|Optræden|Queerfestival, København.","Queerfestival, København.",15,./archive/legacy/200_calendar/2006/06_07_03_queer_festival/IMG_9767.jpg,,Skal gennemgås
"2006-06-17|Liveoptræden|La Extreme Circus, Almeria, Spain.","La Extreme Circus, Almeria, Spain.",1,./archive/legacy/200_calendar/2006/06_06_17_spanien/06.jpg,,Skal gennemgås
"2006-06-17|Liveoptræden|La Extreme Circus, Almeria, Spain.","La Extreme Circus, Almeria, Spain.",2,./archive/legacy/200_calendar/2006/06_06_17_spanien/05.jpg,,Skal gennemgås
"2006-06-17|Liveoptræden|La Extreme Circus, Almeria, Spain.","La Extreme Circus, Almeria, Spain.",3,./archive/legacy/200_calendar/2006/06_06_17_spanien/04.jpg,,Skal gennemgås
"2006-06-17|Liveoptræden|La Extreme Circus, Almeria, Spain.","La Extreme Circus, Almeria, Spain.",4,./archive/legacy/200_calendar/2006/06_06_17_spanien/07.jpg,,Skal gennemgås
"2006-06-17|Liveoptræden|La Extreme Circus, Almeria, Spain.","La Extreme Circus, Almeria, Spain.",5,./archive/legacy/200_calendar/2006/06_06_17_spanien/03.jpg,,Skal gennemgås
"2006-06-17|Liveoptræden|La Extreme Circus, Almeria, Spain.","La Extreme Circus, Almeria, Spain.",6,./archive/legacy/200_calendar/2006/06_06_17_spanien/01.jpg,,Skal gennemgås
"2006-06-17|Liveoptræden|La Extreme Circus, Almeria, Spain.","La Extreme Circus, Almeria, Spain.",7,./archive/legacy/200_calendar/2006/06_06_17_spanien/IMG_9581.jpg,,Skal gennemgås
"2006-06-17|Liveoptræden|La Extreme Circus, Almeria, Spain.","La Extreme Circus, Almeria, Spain.",8,./archive/legacy/200_calendar/2006/06_06_17_spanien/08.jpg,,Skal gennemgås
"2006-06-03|Liveoptræden|Half Mashine, Christiania, København.","Half Mashine, Christiania, København.",1,./archive/legacy/200_calendar/2006/06_06_03_machine/half_mashine.jpg,,Skal gennemgås
"2006-06-03|Liveoptræden|Half Mashine, Christiania, København.","Half Mashine, Christiania, København.",2,./archive/legacy/200_calendar/2006/06_06_03_machine/IMG_9447.jpg,,Skal gennemgås
"2006-06-03|Liveoptræden|Half Mashine, Christiania, København.","Half Mashine, Christiania, København.",3,./archive/legacy/200_calendar/2006/06_06_03_machine/IMG_9438.jpg,,Skal gennemgås
"2006-06-03|Liveoptræden|Half Mashine, Christiania, København.","Half Mashine, Christiania, København.",4,./archive/legacy/200_calendar/2006/06_06_03_machine/IMG_9441.jpg,,Skal gennemgås
"2006-06-03|Liveoptræden|Half Mashine, Christiania, København.","Half Mashine, Christiania, København.",5,./archive/legacy/200_calendar/2006/06_06_03_machine/2006_06_03_machine_02.jpg,,Skal gennemgås
"2006-05-11|Liveoptræden|Smegma, Berghain, Berlin.","Smegma, Berghain, Berlin.",1,./archive/legacy/200_calendar/2006/06_05_11_berghain/file_15.jpg,,Skal gennemgås
"2006-05-11|Liveoptræden|Smegma, Berghain, Berlin.","Smegma, Berghain, Berlin.",2,./archive/legacy/200_calendar/2006/06_05_11_berghain/file_52.jpg,,Skal gennemgås
"2006-05-11|Liveoptræden|Smegma, Berghain, Berlin.","Smegma, Berghain, Berlin.",3,./archive/legacy/200_calendar/2006/06_05_11_berghain/smegma_flyer.jpg,,Skal gennemgås
"2006-05-11|Liveoptræden|Smegma, Berghain, Berlin.","Smegma, Berghain, Berlin.",4,./archive/legacy/200_calendar/2006/06_05_11_berghain/file_13.jpg,,Skal gennemgås
"2006-05-11|Liveoptræden|Smegma, Berghain, Berlin.","Smegma, Berghain, Berlin.",5,./archive/legacy/200_calendar/2006/06_05_11_berghain/file_72.jpg,,Skal gennemgås
"2006-05-05|Liveoptræden|Lars von Triers og Peter Aalbæks 50-års fødselsdagsfest hos Zentropa, København.","Lars von Triers og Peter Aalbæks 50-års fødselsdagsfest hos Zentropa, København.",1,./archive/legacy/200_calendar/2006/06_05_05_lars/2006_05_05_lars_02.jpg,,Skal gennemgås
"2006-05-05|Liveoptræden|Lars von Triers og Peter Aalbæks 50-års fødselsdagsfest hos Zentropa, København.","Lars von Triers og Peter Aalbæks 50-års fødselsdagsfest hos Zentropa, København.",2,./archive/legacy/200_calendar/2006/06_05_05_lars/2006_05_05_lars_01.jpg,,Skal gennemgås
"2006-05-05|Liveoptræden|Lars von Triers og Peter Aalbæks 50-års fødselsdagsfest hos Zentropa, København.","Lars von Triers og Peter Aalbæks 50-års fødselsdagsfest hos Zentropa, København.",3,./archive/legacy/200_calendar/2006/06_05_05_lars/IMG_1170.jpg,,Skal gennemgås
"2006-05-05|Liveoptræden|Lars von Triers og Peter Aalbæks 50-års fødselsdagsfest hos Zentropa, København.","Lars von Triers og Peter Aalbæks 50-års fødselsdagsfest hos Zentropa, København.",4,./archive/legacy/200_calendar/2006/06_05_05_lars/IMG_1178.jpg,,Skal gennemgås
"2006-04-28|Liveoptræden|Roze Wester-festival, Amsterdam.","Roze Wester-festival, Amsterdam.",1,./archive/legacy/200_calendar/2006/06_04_28_amsterdam/flyer_amsterdam.gif,,Skal gennemgås
"2006-04-28|Liveoptræden|Roze Wester-festival, Amsterdam.","Roze Wester-festival, Amsterdam.",2,./archive/legacy/200_calendar/2006/06_04_28_amsterdam/2006_04_28_amsterdam.jpg,,Skal gennemgås
"2006-04-28|Liveoptræden|Roze Wester-festival, Amsterdam.","Roze Wester-festival, Amsterdam.",3,./archive/legacy/200_calendar/2006/06_04_28_amsterdam/IMG_9083.jpg,,Skal gennemgås
"2006-04-28|Liveoptræden|Roze Wester-festival, Amsterdam.","Roze Wester-festival, Amsterdam.",4,./archive/legacy/200_calendar/2006/06_04_28_amsterdam/IMG_9122.jpg,,Skal gennemgås
"2006-04-28|Liveoptræden|Roze Wester-festival, Amsterdam.","Roze Wester-festival, Amsterdam.",5,./archive/legacy/200_calendar/2006/06_04_28_amsterdam/IMG_9119.jpg,,Skal gennemgås
"2006-04-28|Liveoptræden|Roze Wester-festival, Amsterdam.","Roze Wester-festival, Amsterdam.",6,./archive/legacy/200_calendar/2006/06_04_28_amsterdam/IMG_9124.jpg,,Skal gennemgås
"2006-04-12|Optræden|DJ Boy George i Vega, København.","DJ Boy George i Vega, København.",1,./archive/legacy/200_calendar/2006/06_04_12_boy_george_party/HPIM1664.jpg,,Skal gennemgås
"2006-04-12|Optræden|DJ Boy George i Vega, København.","DJ Boy George i Vega, København.",2,./archive/legacy/200_calendar/2006/06_04_12_boy_george_party/HPIM1683.jpg,,Skal gennemgås
"2006-04-12|Optræden|DJ Boy George i Vega, København.","DJ Boy George i Vega, København.",3,./archive/legacy/200_calendar/2006/06_04_12_boy_george_party/IMG_8891.jpg,,Skal gennemgås
"2006-04-12|Optræden|DJ Boy George i Vega, København.","DJ Boy George i Vega, København.",4,./archive/legacy/200_calendar/2006/06_04_12_boy_george_party/IMG_8885.jpg,,Skal gennemgås
"2006-04-12|Optræden|DJ Boy George i Vega, København.","DJ Boy George i Vega, København.",5,./archive/legacy/200_calendar/2006/06_04_12_boy_george_party/HPIM1681.jpg,,Skal gennemgås
"2006-04-12|Optræden|DJ Boy George i Vega, København.","DJ Boy George i Vega, København.",6,./archive/legacy/200_calendar/2006/06_04_12_boy_george_party/IMG_8859.jpg,,Skal gennemgås
"2006-04-12|Optræden|DJ Boy George i Vega, København.","DJ Boy George i Vega, København.",7,./archive/legacy/200_calendar/2006/06_04_12_boy_george_party/IMG_8864.jpg,,Skal gennemgås
"2006-04-12|Optræden|DJ Boy George i Vega, København.","DJ Boy George i Vega, København.",8,./archive/legacy/200_calendar/2006/06_04_12_boy_george_party/IMG_8863.jpg,,Skal gennemgås
"2006-04-12|Optræden|DJ Boy George i Vega, København.","DJ Boy George i Vega, København.",9,./archive/legacy/200_calendar/2006/06_04_12_boy_george_party/HPIM1657.jpg,,Skal gennemgås
"2006-04-12|Optræden|DJ Boy George i Vega, København.","DJ Boy George i Vega, København.",10,./archive/legacy/200_calendar/2006/06_04_12_boy_george_party/HPIM1658.jpg,,Skal gennemgås
"2006-04-12|Optræden|DJ Boy George i Vega, København.","DJ Boy George i Vega, København.",11,./archive/legacy/200_calendar/2006/06_04_12_boy_george_party/IMG_8881.jpg,,Skal gennemgås
"2006-04-12|Optræden|DJ Boy George i Vega, København.","DJ Boy George i Vega, København.",12,./archive/legacy/200_calendar/2006/06_04_12_boy_george_party/IMG_8878.jpg,,Skal gennemgås
"2006-04-12|Optræden|DJ Boy George i Vega, København.","DJ Boy George i Vega, København.",13,./archive/legacy/200_calendar/2006/06_04_12_boy_george_party/IMG_8903.jpg,,Skal gennemgås
"2006-04-01|Optræden|Dunst Gender Bender Bingo, København","Dunst Gender Bender Bingo, København",1,./archive/legacy/200_calendar/2006/06_04_01_gender_bender_bingo/IMG_8728.jpg,,Skal gennemgås
"2006-04-01|Optræden|Dunst Gender Bender Bingo, København","Dunst Gender Bender Bingo, København",2,./archive/legacy/200_calendar/2006/06_04_01_gender_bender_bingo/IMG_8727.jpg,,Skal gennemgås
"2006-04-01|Optræden|Dunst Gender Bender Bingo, København","Dunst Gender Bender Bingo, København",3,./archive/legacy/200_calendar/2006/06_04_01_gender_bender_bingo/IMG_8729.jpg,,Skal gennemgås
"2006-04-01|Optræden|Dunst Gender Bender Bingo, København","Dunst Gender Bender Bingo, København",4,./archive/legacy/200_calendar/2006/06_04_01_gender_bender_bingo/IMG_8738.jpg,,Skal gennemgås
"2006-04-01|Optræden|Dunst Gender Bender Bingo, København","Dunst Gender Bender Bingo, København",5,./archive/legacy/200_calendar/2006/06_04_01_gender_bender_bingo/IMG_8791.jpg,,Skal gennemgås
"2006-04-01|Optræden|Dunst Gender Bender Bingo, København","Dunst Gender Bender Bingo, København",6,./archive/legacy/200_calendar/2006/06_04_01_gender_bender_bingo/IMG_8757.jpg,,Skal gennemgås
"2006-04-01|Optræden|Dunst Gender Bender Bingo, København","Dunst Gender Bender Bingo, København",7,./archive/legacy/200_calendar/2006/06_04_01_gender_bender_bingo/bingo_flyer.jpg,,Skal gennemgås
"2006-03-23|Optræden|Natfilmfestivalen, København","Natfilmfestivalen, København",1,./archive/legacy/200_calendar/2006/06_03_23_natfilmfestival/IMG_8707_b.jpg,,Skal gennemgås
"2006-03-23|Optræden|Natfilmfestivalen, København","Natfilmfestivalen, København",2,./archive/legacy/200_calendar/2006/06_03_23_natfilmfestival/IMG_8691.jpg,,Skal gennemgås
"2006-03-23|Optræden|Natfilmfestivalen, København","Natfilmfestivalen, København",3,./archive/legacy/200_calendar/2006/06_03_23_natfilmfestival/IMG_8689.jpg,,Skal gennemgås
"2006-03-23|Optræden|Natfilmfestivalen, København","Natfilmfestivalen, København",4,./archive/legacy/200_calendar/2006/06_03_23_natfilmfestival/IMG_8714.jpg,,Skal gennemgås
"2006-03-23|Optræden|Natfilmfestivalen, København","Natfilmfestivalen, København",5,./archive/legacy/200_calendar/2006/06_03_23_natfilmfestival/IMG_8716.jpg,,Skal gennemgås
"2006-03-23|Optræden|Natfilmfestivalen, København","Natfilmfestivalen, København",6,./archive/legacy/200_calendar/2006/06_03_23_natfilmfestival/IMG_8712.jpg,,Skal gennemgås
"2006-03-23|Optræden|Natfilmfestivalen, København","Natfilmfestivalen, København",7,./archive/legacy/200_calendar/2006/06_03_23_natfilmfestival/IMG_8709.jpg,,Skal gennemgås
"2006-03-23|Optræden|Natfilmfestivalen, København","Natfilmfestivalen, København",8,./archive/legacy/200_calendar/2006/06_03_23_natfilmfestival/IMG_8664.jpg,,Skal gennemgås
"2006-03-23|Optræden|Natfilmfestivalen, København","Natfilmfestivalen, København",9,./archive/legacy/200_calendar/2006/06_03_23_natfilmfestival/IMG_8679.jpg,,Skal gennemgås
"2006-03-23|Optræden|Natfilmfestivalen, København","Natfilmfestivalen, København",10,./archive/legacy/200_calendar/2006/06_03_23_natfilmfestival/IMG_8677.jpg,,Skal gennemgås
"2006-02-11|Liveoptræden|Releasefest, Dunst-cd: Odéur, Ungdomshuset, København.","Releasefest, Dunst-cd: Odéur, Ungdomshuset, København.",1,./archive/legacy/200_calendar/2006/06_02_11_odeur_ungdomshuset/01.jpg,,Skal gennemgås
"2006-02-11|Liveoptræden|Releasefest, Dunst-cd: Odéur, Ungdomshuset, København.","Releasefest, Dunst-cd: Odéur, Ungdomshuset, København.",2,./archive/legacy/200_calendar/2006/06_02_11_odeur_ungdomshuset/02.jpg,,Skal gennemgås
"2006-02-11|Liveoptræden|Releasefest, Dunst-cd: Odéur, Ungdomshuset, København.","Releasefest, Dunst-cd: Odéur, Ungdomshuset, København.",3,./archive/legacy/200_calendar/2006/06_02_11_odeur_ungdomshuset/03.jpg,,Skal gennemgås
"2006-02-11|Liveoptræden|Releasefest, Dunst-cd: Odéur, Ungdomshuset, København.","Releasefest, Dunst-cd: Odéur, Ungdomshuset, København.",4,./archive/legacy/200_calendar/2006/06_02_11_odeur_ungdomshuset/04.jpg,,Skal gennemgås
"2006-02-11|Liveoptræden|Releasefest, Dunst-cd: Odéur, Ungdomshuset, København.","Releasefest, Dunst-cd: Odéur, Ungdomshuset, København.",5,./archive/legacy/200_calendar/2006/06_02_11_odeur_ungdomshuset/05.jpg,,Skal gennemgås
"2006-02-11|Liveoptræden|Releasefest, Dunst-cd: Odéur, Ungdomshuset, København.","Releasefest, Dunst-cd: Odéur, Ungdomshuset, København.",6,./archive/legacy/200_calendar/2006/06_02_11_odeur_ungdomshuset/06.jpg,,Skal gennemgås
"2006-02-11|Liveoptræden|Releasefest, Dunst-cd: Odéur, Ungdomshuset, København.","Releasefest, Dunst-cd: Odéur, Ungdomshuset, København.",7,./archive/legacy/200_calendar/2006/06_02_11_odeur_ungdomshuset/07.jpg,,Skal gennemgås
"2006-02-11|Liveoptræden|Releasefest, Dunst-cd: Odéur, Ungdomshuset, København.","Releasefest, Dunst-cd: Odéur, Ungdomshuset, København.",8,./archive/legacy/200_calendar/2006/06_02_11_odeur_ungdomshuset/08.jpg,,Skal gennemgås
"2006-02-11|Liveoptræden|Releasefest, Dunst-cd: Odéur, Ungdomshuset, København.","Releasefest, Dunst-cd: Odéur, Ungdomshuset, København.",9,./archive/legacy/200_calendar/2006/06_02_11_odeur_ungdomshuset/09.jpg,,Skal gennemgås
"2006-01-15|Optræden|Transer på Glatis, Kongens Nytorv, København.","Transer på Glatis, Kongens Nytorv, København.",1,./archive/legacy/200_calendar/2006/06_01_15_transer_paa_glatis/IMG_8273.jpg,,Skal gennemgås
"2006-01-15|Optræden|Transer på Glatis, Kongens Nytorv, København.","Transer på Glatis, Kongens Nytorv, København.",2,./archive/legacy/200_calendar/2006/06_01_15_transer_paa_glatis/IMG_8269.jpg,,Skal gennemgås
"2006-01-15|Optræden|Transer på Glatis, Kongens Nytorv, København.","Transer på Glatis, Kongens Nytorv, København.",3,./archive/legacy/200_calendar/2006/06_01_15_transer_paa_glatis/IMG_8268.jpg,,Skal gennemgås
"2006-01-15|Optræden|Transer på Glatis, Kongens Nytorv, København.","Transer på Glatis, Kongens Nytorv, København.",4,./archive/legacy/200_calendar/2006/06_01_15_transer_paa_glatis/IMG_8267.jpg,,Skal gennemgås
"2006-01-15|Optræden|Transer på Glatis, Kongens Nytorv, København.","Transer på Glatis, Kongens Nytorv, København.",5,./archive/legacy/200_calendar/2006/06_01_15_transer_paa_glatis/IMG_8296.jpg,,Skal gennemgås
"2006-01-15|Optræden|Transer på Glatis, Kongens Nytorv, København.","Transer på Glatis, Kongens Nytorv, København.",6,./archive/legacy/200_calendar/2006/06_01_15_transer_paa_glatis/IMG_8297.jpg,,Skal gennemgås
"2005-10-08|Liveoptræden|Dunst på Be Queer # 2b, Stubnitz, Dunkerque, Frankrig.","Dunst på Be Queer # 2b, Stubnitz, Dunkerque, Frankrig.",1,./archive/legacy/200_calendar/2005/05_10_07_be_queer_02/IMG_7463.jpg,,Skal gennemgås
"2005-10-08|Liveoptræden|Dunst på Be Queer # 2b, Stubnitz, Dunkerque, Frankrig.","Dunst på Be Queer # 2b, Stubnitz, Dunkerque, Frankrig.",2,./archive/legacy/200_calendar/2005/05_10_07_be_queer_02/IMG_7476.jpg,,Skal gennemgås
"2005-10-08|Liveoptræden|Dunst på Be Queer # 2b, Stubnitz, Dunkerque, Frankrig.","Dunst på Be Queer # 2b, Stubnitz, Dunkerque, Frankrig.",3,./archive/legacy/200_calendar/2005/05_10_07_be_queer_02/DSCN5729.jpg,,Skal gennemgås
"2005-10-08|Liveoptræden|Dunst på Be Queer # 2b, Stubnitz, Dunkerque, Frankrig.","Dunst på Be Queer # 2b, Stubnitz, Dunkerque, Frankrig.",4,./archive/legacy/200_calendar/2005/05_10_07_be_queer_02/HPIM4362.jpg,,Skal gennemgås
"2005-10-08|Liveoptræden|Dunst på Be Queer # 2b, Stubnitz, Dunkerque, Frankrig.","Dunst på Be Queer # 2b, Stubnitz, Dunkerque, Frankrig.",5,./archive/legacy/200_calendar/2005/05_10_07_be_queer_02/DSCN5689.jpg,,Skal gennemgås
"2005-10-08|Liveoptræden|Dunst på Be Queer # 2b, Stubnitz, Dunkerque, Frankrig.","Dunst på Be Queer # 2b, Stubnitz, Dunkerque, Frankrig.",6,./archive/legacy/200_calendar/2005/05_10_07_be_queer_02/HPIM4367.jpg,,Skal gennemgås
"2005-10-08|Liveoptræden|Dunst på Be Queer # 2b, Stubnitz, Dunkerque, Frankrig.","Dunst på Be Queer # 2b, Stubnitz, Dunkerque, Frankrig.",7,./archive/legacy/200_calendar/2005/05_10_07_be_queer_02/DSCN5816.jpg,,Skal gennemgås
"2005-10-08|Liveoptræden|Dunst på Be Queer # 2b, Stubnitz, Dunkerque, Frankrig.","Dunst på Be Queer # 2b, Stubnitz, Dunkerque, Frankrig.",8,./archive/legacy/200_calendar/2005/05_10_07_be_queer_02/DSCN5688.jpg,,Skal gennemgås
"2005-10-08|Liveoptræden|Dunst på Be Queer # 2b, Stubnitz, Dunkerque, Frankrig.","Dunst på Be Queer # 2b, Stubnitz, Dunkerque, Frankrig.",9,./archive/legacy/200_calendar/2005/05_10_07_be_queer_02/IMG_7485.jpg,,Skal gennemgås
"2005-10-08|Liveoptræden|Dunst på Be Queer # 2b, Stubnitz, Dunkerque, Frankrig.","Dunst på Be Queer # 2b, Stubnitz, Dunkerque, Frankrig.",10,./archive/legacy/200_calendar/2005/05_10_07_be_queer_02/IMG_7496.jpg,,Skal gennemgås
"2005-10-08|Liveoptræden|Dunst på Be Queer # 2b, Stubnitz, Dunkerque, Frankrig.","Dunst på Be Queer # 2b, Stubnitz, Dunkerque, Frankrig.",11,./archive/legacy/200_calendar/2005/05_10_07_be_queer_02/HPIM4370.jpg,,Skal gennemgås
"2005-10-08|Liveoptræden|Dunst på Be Queer # 2b, Stubnitz, Dunkerque, Frankrig.","Dunst på Be Queer # 2b, Stubnitz, Dunkerque, Frankrig.",12,./archive/timeline/combined/B41-poster.png,,Skal gennemgås
"2005-10-07|Optræden|Dunst på Be Queer # 2a, Stubnitz, Dunkerque, Frankrig.","Dunst på Be Queer # 2a, Stubnitz, Dunkerque, Frankrig.",1,./archive/legacy/200_calendar/2005/05_10_07_be_queer_02/IMG_7339_a.jpg,,Skal gennemgås
"2005-10-07|Optræden|Dunst på Be Queer # 2a, Stubnitz, Dunkerque, Frankrig.","Dunst på Be Queer # 2a, Stubnitz, Dunkerque, Frankrig.",2,./archive/legacy/200_calendar/2005/05_10_07_be_queer_02/IMG_7423.jpg,,Skal gennemgås
"2005-10-07|Optræden|Dunst på Be Queer # 2a, Stubnitz, Dunkerque, Frankrig.","Dunst på Be Queer # 2a, Stubnitz, Dunkerque, Frankrig.",3,./archive/legacy/200_calendar/2005/05_10_07_be_queer_02/HPIM0355.jpg,,Skal gennemgås
"2005-10-07|Optræden|Dunst på Be Queer # 2a, Stubnitz, Dunkerque, Frankrig.","Dunst på Be Queer # 2a, Stubnitz, Dunkerque, Frankrig.",4,./archive/legacy/200_calendar/2005/05_10_07_be_queer_02/HPIM0354.jpg,,Skal gennemgås
"2005-10-07|Optræden|Dunst på Be Queer # 2a, Stubnitz, Dunkerque, Frankrig.","Dunst på Be Queer # 2a, Stubnitz, Dunkerque, Frankrig.",5,./archive/legacy/200_calendar/2005/05_10_07_be_queer_02/IMG_7445.jpg,,Skal gennemgås
"2005-10-07|Optræden|Dunst på Be Queer # 2a, Stubnitz, Dunkerque, Frankrig.","Dunst på Be Queer # 2a, Stubnitz, Dunkerque, Frankrig.",6,./archive/legacy/200_calendar/2005/05_10_07_be_queer_02/IMG_7381.jpg,,Skal gennemgås
"2005-10-07|Optræden|Dunst på Be Queer # 2a, Stubnitz, Dunkerque, Frankrig.","Dunst på Be Queer # 2a, Stubnitz, Dunkerque, Frankrig.",7,./archive/legacy/200_calendar/2005/05_10_07_be_queer_02/IMG_7337.jpg,,Skal gennemgås
"2005-10-07|Optræden|Dunst på Be Queer # 2a, Stubnitz, Dunkerque, Frankrig.","Dunst på Be Queer # 2a, Stubnitz, Dunkerque, Frankrig.",8,./archive/legacy/200_calendar/2005/05_10_07_be_queer_02/IMG_7429.jpg,,Skal gennemgås
"2005-10-07|Optræden|Dunst på Be Queer # 2a, Stubnitz, Dunkerque, Frankrig.","Dunst på Be Queer # 2a, Stubnitz, Dunkerque, Frankrig.",9,./archive/legacy/200_calendar/2005/05_10_07_be_queer_02/IMG_7391.jpg,,Skal gennemgås
"2005-10-07|Optræden|Dunst på Be Queer # 2a, Stubnitz, Dunkerque, Frankrig.","Dunst på Be Queer # 2a, Stubnitz, Dunkerque, Frankrig.",10,./archive/legacy/200_calendar/2005/05_10_07_be_queer_02/IMG_7392.jpg,,Skal gennemgås
"2005-10-07|Optræden|Dunst på Be Queer # 2a, Stubnitz, Dunkerque, Frankrig.","Dunst på Be Queer # 2a, Stubnitz, Dunkerque, Frankrig.",11,./archive/legacy/200_calendar/2005/05_10_07_be_queer_02/be_queer_02.jpg,,Skal gennemgås
"2005-09-09|Liveoptræden|Ondt i Røven, Amigobar, København.","Ondt i Røven, Amigobar, København.",1,./archive/legacy/200_calendar/2005/05_09_09_ondt_i_roeven/bog_01.jpg,,Skal gennemgås
"2005-09-03|Liveoptræden|Dunst Nakkeost, Zürich, Schweiz.","Dunst Nakkeost, Zürich, Schweiz.",1,./archive/legacy/200_calendar/2005/05_09_03_milch_nakkeost/IMG_6769.jpg,,Skal gennemgås
"2005-09-03|Liveoptræden|Dunst Nakkeost, Zürich, Schweiz.","Dunst Nakkeost, Zürich, Schweiz.",2,./archive/legacy/200_calendar/2005/05_09_03_milch_nakkeost/IMG_6773.jpg,,Skal gennemgås
"2005-09-03|Liveoptræden|Dunst Nakkeost, Zürich, Schweiz.","Dunst Nakkeost, Zürich, Schweiz.",3,./archive/legacy/200_calendar/2005/05_09_03_milch_nakkeost/IMG_6770.jpg,,Skal gennemgås
"2005-09-03|Liveoptræden|Dunst Nakkeost, Zürich, Schweiz.","Dunst Nakkeost, Zürich, Schweiz.",4,./archive/legacy/200_calendar/2005/05_09_03_milch_nakkeost/IMG_6774.jpg,,Skal gennemgås
"2005-09-03|Liveoptræden|Dunst Nakkeost, Zürich, Schweiz.","Dunst Nakkeost, Zürich, Schweiz.",5,./archive/legacy/200_calendar/2005/05_09_03_milch_nakkeost/IMG_6772.jpg,,Skal gennemgås
"2005-09-03|Liveoptræden|Dunst Nakkeost, Zürich, Schweiz.","Dunst Nakkeost, Zürich, Schweiz.",6,./archive/legacy/200_calendar/2005/05_09_03_milch_nakkeost/flyer_02.jpg,,Skal gennemgås
"2005-09-03|Liveoptræden|Dunst Nakkeost, Zürich, Schweiz.","Dunst Nakkeost, Zürich, Schweiz.",7,./archive/legacy/200_calendar/2005/05_09_03_milch_nakkeost/IMG_6731.jpg,,Skal gennemgås
"2005-09-03|Liveoptræden|Dunst Nakkeost, Zürich, Schweiz.","Dunst Nakkeost, Zürich, Schweiz.",8,./archive/legacy/200_calendar/2005/05_09_03_milch_nakkeost/IMG_6725.jpg,,Skal gennemgås
"2005-08-13|Liveoptræden|Private Parts, Dunst-fest, København.","Private Parts, Dunst-fest, København.",1,./archive/legacy/200_calendar/2005/05_08_13_private_parts/IMG_6595.jpg,,Skal gennemgås
"2005-08-13|Liveoptræden|Private Parts, Dunst-fest, København.","Private Parts, Dunst-fest, København.",2,./archive/legacy/200_calendar/2005/05_08_13_private_parts/private_parts_flyer.jpg,,Skal gennemgås
"2005-08-13|Liveoptræden|Private Parts, Dunst-fest, København.","Private Parts, Dunst-fest, København.",3,./archive/legacy/200_calendar/2005/05_08_13_private_parts/IMG_6594.jpg,,Skal gennemgås
"2005-08-13|Liveoptræden|Private Parts, Dunst-fest, København.","Private Parts, Dunst-fest, København.",4,./archive/legacy/200_calendar/2005/05_08_13_private_parts/HPIM2479.jpg,,Skal gennemgås
"2005-08-13|Liveoptræden|Private Parts, Dunst-fest, København.","Private Parts, Dunst-fest, København.",5,./archive/legacy/200_calendar/2005/05_08_13_private_parts/IMG_6601.jpg,,Skal gennemgås
"2005-08-13|Liveoptræden|Private Parts, Dunst-fest, København.","Private Parts, Dunst-fest, København.",6,./archive/legacy/200_calendar/2005/05_08_13_private_parts/HPIM2683.jpg,,Skal gennemgås
"2005-06-11|Demonstration|Hos den polske ambassade, København.","Hos den polske ambassade, København.",1,./archive/legacy/200_calendar/2005/05_06_11_polen_demo/hunter_01.jpg,,Skal gennemgås
"2005-06-11|Demonstration|Hos den polske ambassade, København.","Hos den polske ambassade, København.",2,./archive/legacy/200_calendar/2005/05_06_11_polen_demo/hunter_05.jpg,,Skal gennemgås
"2005-06-11|Demonstration|Hos den polske ambassade, København.","Hos den polske ambassade, København.",3,./archive/legacy/200_calendar/2005/05_06_11_polen_demo/hunter_03.jpg,,Skal gennemgås
"2005-06-11|Demonstration|Hos den polske ambassade, København.","Hos den polske ambassade, København.",4,./archive/legacy/200_calendar/2005/05_06_11_polen_demo/hunter_04.jpg,,Skal gennemgås
"2005-06-11|Demonstration|Hos den polske ambassade, København.","Hos den polske ambassade, København.",5,./archive/legacy/200_calendar/2005/05_06_11_polen_demo/IMG_6238.jpg,,Skal gennemgås
"2005-06-11|Demonstration|Hos den polske ambassade, København.","Hos den polske ambassade, København.",6,./archive/legacy/200_calendar/2005/05_06_11_polen_demo/demo_polen.jpg,,Skal gennemgås
"2005-05-30|Liveoptræden|Queeruption # 8, Barcelona.","Queeruption # 8, Barcelona.",1,./archive/legacy/200_calendar/2005/05_05_30_queeruption_8/IMG_6162.jpg,,Skal gennemgås
"2005-05-30|Liveoptræden|Queeruption # 8, Barcelona.","Queeruption # 8, Barcelona.",2,./archive/legacy/200_calendar/2005/05_05_30_queeruption_8/IMG_6166.jpg,,Skal gennemgås
"2005-05-30|Liveoptræden|Queeruption # 8, Barcelona.","Queeruption # 8, Barcelona.",3,./archive/legacy/200_calendar/2005/05_05_30_queeruption_8/008_na.jpg,,Skal gennemgås
"2005-05-30|Liveoptræden|Queeruption # 8, Barcelona.","Queeruption # 8, Barcelona.",4,./archive/legacy/200_calendar/2005/05_05_30_queeruption_8/011_na.jpg,,Skal gennemgås
"2005-05-30|Liveoptræden|Queeruption # 8, Barcelona.","Queeruption # 8, Barcelona.",5,./archive/legacy/200_calendar/2005/05_05_30_queeruption_8/009_na.jpg,,Skal gennemgås
"2005-05-30|Liveoptræden|Queeruption # 8, Barcelona.","Queeruption # 8, Barcelona.",6,./archive/legacy/200_calendar/2005/05_05_30_queeruption_8/020_na.jpg,,Skal gennemgås
"2005-05-30|Liveoptræden|Queeruption # 8, Barcelona.","Queeruption # 8, Barcelona.",7,./archive/legacy/200_calendar/2005/05_05_30_queeruption_8/IMG_6153.jpg,,Skal gennemgås
"2005-05-05|Liveoptræden|Dunst på Be Queer # 1, Dunkerque, Frankrig.","Dunst på Be Queer # 1, Dunkerque, Frankrig.",1,./archive/legacy/200_calendar/2005/05_05_05_frankrig/DSCN6131.jpg,,Skal gennemgås
"2005-05-05|Liveoptræden|Dunst på Be Queer # 1, Dunkerque, Frankrig.","Dunst på Be Queer # 1, Dunkerque, Frankrig.",2,./archive/legacy/200_calendar/2005/05_05_05_frankrig/DSCN6129.jpg,,Skal gennemgås
"2005-05-05|Liveoptræden|Dunst på Be Queer # 1, Dunkerque, Frankrig.","Dunst på Be Queer # 1, Dunkerque, Frankrig.",3,./archive/legacy/200_calendar/2005/05_05_05_frankrig/DSCN5622.jpg,,Skal gennemgås
"2005-05-05|Liveoptræden|Dunst på Be Queer # 1, Dunkerque, Frankrig.","Dunst på Be Queer # 1, Dunkerque, Frankrig.",4,./archive/legacy/200_calendar/2005/05_05_05_frankrig/DSCN5623.jpg,,Skal gennemgås
"2005-05-05|Liveoptræden|Dunst på Be Queer # 1, Dunkerque, Frankrig.","Dunst på Be Queer # 1, Dunkerque, Frankrig.",5,./archive/legacy/200_calendar/2005/05_05_05_frankrig/DSCN5792.jpg,,Skal gennemgås
"2005-05-05|Liveoptræden|Dunst på Be Queer # 1, Dunkerque, Frankrig.","Dunst på Be Queer # 1, Dunkerque, Frankrig.",6,./archive/legacy/200_calendar/2005/05_05_05_frankrig/DSCN6070.jpg,,Skal gennemgås
"2005-05-05|Liveoptræden|Dunst på Be Queer # 1, Dunkerque, Frankrig.","Dunst på Be Queer # 1, Dunkerque, Frankrig.",7,./archive/legacy/200_calendar/2005/05_05_05_frankrig/DSCN6099.jpg,,Skal gennemgås
"2005-05-05|Liveoptræden|Dunst på Be Queer # 1, Dunkerque, Frankrig.","Dunst på Be Queer # 1, Dunkerque, Frankrig.",8,./archive/legacy/200_calendar/2005/05_05_05_frankrig/be_queer_frankrig_flyer.jpg,,Skal gennemgås
"2005-02-12|Liveoptræden|Stille Aften med Dunst, Cabaret, Ungdomshuset, København.","Stille Aften med Dunst, Cabaret, Ungdomshuset, København.",1,./archive/legacy/200_calendar/2005/05_02_12_stille_aften_med_dunst/flyer_jazz_forside.jpg,,Skal gennemgås
"2005-02-12|Liveoptræden|Stille Aften med Dunst, Cabaret, Ungdomshuset, København.","Stille Aften med Dunst, Cabaret, Ungdomshuset, København.",2,./archive/legacy/200_calendar/2005/05_02_12_stille_aften_med_dunst/IMG_5198.jpg,,Skal gennemgås
"2005-02-12|Liveoptræden|Stille Aften med Dunst, Cabaret, Ungdomshuset, København.","Stille Aften med Dunst, Cabaret, Ungdomshuset, København.",3,./archive/legacy/200_calendar/2005/05_02_12_stille_aften_med_dunst/IMG_5086.jpg,,Skal gennemgås
"2005-02-12|Liveoptræden|Stille Aften med Dunst, Cabaret, Ungdomshuset, København.","Stille Aften med Dunst, Cabaret, Ungdomshuset, København.",4,./archive/legacy/200_calendar/2005/05_02_12_stille_aften_med_dunst/IMG_5180.jpg,,Skal gennemgås
"2005-02-12|Liveoptræden|Stille Aften med Dunst, Cabaret, Ungdomshuset, København.","Stille Aften med Dunst, Cabaret, Ungdomshuset, København.",5,./archive/legacy/200_calendar/2005/05_02_12_stille_aften_med_dunst/IMG_5174.jpg,,Skal gennemgås
"2005-02-12|Liveoptræden|Stille Aften med Dunst, Cabaret, Ungdomshuset, København.","Stille Aften med Dunst, Cabaret, Ungdomshuset, København.",6,./archive/legacy/200_calendar/2005/05_02_12_stille_aften_med_dunst/IMG_5177.jpg,,Skal gennemgås
"2005-02-12|Liveoptræden|Stille Aften med Dunst, Cabaret, Ungdomshuset, København.","Stille Aften med Dunst, Cabaret, Ungdomshuset, København.",7,./archive/legacy/200_calendar/2005/05_02_12_stille_aften_med_dunst/IMG_5179.jpg,,Skal gennemgås
"2004-12-31|Liveoptræden|Dunst-nytårsfest til ""Homophobia"", Kinzo Club, Berlin.","Dunst-nytårsfest til ""Homophobia"", Kinzo Club, Berlin.",1,./archive/legacy/200_calendar/2004/04_12_31_homophobia_newyear/IMG_4539.jpg,,Skal gennemgås
"2004-12-31|Liveoptræden|Dunst-nytårsfest til ""Homophobia"", Kinzo Club, Berlin.","Dunst-nytårsfest til ""Homophobia"", Kinzo Club, Berlin.",2,./archive/legacy/200_calendar/2004/04_12_31_homophobia_newyear/IMG_4541.jpg,,Skal gennemgås
"2004-12-31|Liveoptræden|Dunst-nytårsfest til ""Homophobia"", Kinzo Club, Berlin.","Dunst-nytårsfest til ""Homophobia"", Kinzo Club, Berlin.",3,./archive/legacy/200_calendar/2004/04_12_31_homophobia_newyear/IMG_4576.jpg,,Skal gennemgås
"2004-12-31|Liveoptræden|Dunst-nytårsfest til ""Homophobia"", Kinzo Club, Berlin.","Dunst-nytårsfest til ""Homophobia"", Kinzo Club, Berlin.",4,./archive/legacy/200_calendar/2004/04_12_31_homophobia_newyear/IMG_4585.jpg,,Skal gennemgås
"2004-12-31|Liveoptræden|Dunst-nytårsfest til ""Homophobia"", Kinzo Club, Berlin.","Dunst-nytårsfest til ""Homophobia"", Kinzo Club, Berlin.",5,./archive/legacy/200_calendar/2004/04_12_31_homophobia_newyear/homophobia_newyear.jpg,,Skal gennemgås
"2004-12-18|Optræden|HR & FRU Dunst-fest – en konkurrence for queer-personligheder, Ungdomshuset, København.","HR & FRU Dunst-fest – en konkurrence for queer-personligheder, Ungdomshuset, København.",1,./archive/legacy/200_calendar/2004/04_12_18_hr_fru_dunst/hr_fru_dunst_flyer.jpg,,Skal gennemgås
"2004-12-18|Optræden|HR & FRU Dunst-fest – en konkurrence for queer-personligheder, Ungdomshuset, København.","HR & FRU Dunst-fest – en konkurrence for queer-personligheder, Ungdomshuset, København.",2,./archive/legacy/200_calendar/2004/04_12_18_hr_fru_dunst/IMG_4256.jpg,,Skal gennemgås
"2004-12-18|Optræden|HR & FRU Dunst-fest – en konkurrence for queer-personligheder, Ungdomshuset, København.","HR & FRU Dunst-fest – en konkurrence for queer-personligheder, Ungdomshuset, København.",3,./archive/legacy/200_calendar/2004/04_12_18_hr_fru_dunst/556.jpg,,Skal gennemgås
"2004-12-18|Optræden|HR & FRU Dunst-fest – en konkurrence for queer-personligheder, Ungdomshuset, København.","HR & FRU Dunst-fest – en konkurrence for queer-personligheder, Ungdomshuset, København.",4,./archive/legacy/200_calendar/2004/04_12_18_hr_fru_dunst/554.jpg,,Skal gennemgås
"2004-12-18|Optræden|HR & FRU Dunst-fest – en konkurrence for queer-personligheder, Ungdomshuset, København.","HR & FRU Dunst-fest – en konkurrence for queer-personligheder, Ungdomshuset, København.",5,./archive/legacy/200_calendar/2004/04_12_18_hr_fru_dunst/427.jpg,,Skal gennemgås
"2004-12-18|Optræden|HR & FRU Dunst-fest – en konkurrence for queer-personligheder, Ungdomshuset, København.","HR & FRU Dunst-fest – en konkurrence for queer-personligheder, Ungdomshuset, København.",6,./archive/legacy/200_calendar/2004/04_12_18_hr_fru_dunst/531.jpg,,Skal gennemgås
"2004-12-18|Optræden|HR & FRU Dunst-fest – en konkurrence for queer-personligheder, Ungdomshuset, København.","HR & FRU Dunst-fest – en konkurrence for queer-personligheder, Ungdomshuset, København.",7,./archive/legacy/200_calendar/2004/04_12_18_hr_fru_dunst/503.jpg,,Skal gennemgås
"2004-12-18|Optræden|HR & FRU Dunst-fest – en konkurrence for queer-personligheder, Ungdomshuset, København.","HR & FRU Dunst-fest – en konkurrence for queer-personligheder, Ungdomshuset, København.",8,./archive/legacy/200_calendar/2004/04_12_18_hr_fru_dunst/CRW_0421.jpg,,Skal gennemgås
"2004-12-18|Optræden|HR & FRU Dunst-fest – en konkurrence for queer-personligheder, Ungdomshuset, København.","HR & FRU Dunst-fest – en konkurrence for queer-personligheder, Ungdomshuset, København.",9,./archive/legacy/200_calendar/2004/04_12_18_hr_fru_dunst/CRW_0422.jpg,,Skal gennemgås
"2004-12-18|Optræden|HR & FRU Dunst-fest – en konkurrence for queer-personligheder, Ungdomshuset, København.","HR & FRU Dunst-fest – en konkurrence for queer-personligheder, Ungdomshuset, København.",10,./archive/legacy/200_calendar/2004/04_12_18_hr_fru_dunst/CRW_0657.jpg,,Skal gennemgås
"2004-12-18|Optræden|HR & FRU Dunst-fest – en konkurrence for queer-personligheder, Ungdomshuset, København.","HR & FRU Dunst-fest – en konkurrence for queer-personligheder, Ungdomshuset, København.",11,./archive/legacy/200_calendar/2004/04_12_18_hr_fru_dunst/IMG_4329.jpg,,Skal gennemgås
"2004-11-26|Optræden|Dunst-spejderfest, KFUK, København.","Dunst-spejderfest, KFUK, København.",1,./archive/legacy/200_calendar/2004/04_11_26_spejder/IMG_4001.jpg,,Skal gennemgås
"2004-11-26|Optræden|Dunst-spejderfest, KFUK, København.","Dunst-spejderfest, KFUK, København.",2,./archive/legacy/200_calendar/2004/04_11_26_spejder/IMG_4114.jpg,,Skal gennemgås
"2004-11-26|Optræden|Dunst-spejderfest, KFUK, København.","Dunst-spejderfest, KFUK, København.",3,./archive/legacy/200_calendar/2004/04_11_26_spejder/IMG_4068.jpg,,Skal gennemgås
"2004-11-26|Optræden|Dunst-spejderfest, KFUK, København.","Dunst-spejderfest, KFUK, København.",4,./archive/legacy/200_calendar/2004/04_11_26_spejder/IMG_4067.jpg,,Skal gennemgås
"2004-11-26|Optræden|Dunst-spejderfest, KFUK, København.","Dunst-spejderfest, KFUK, København.",5,./archive/legacy/200_calendar/2004/04_11_26_spejder/spejder_jj_029.jpg,,Skal gennemgås
"2004-11-26|Optræden|Dunst-spejderfest, KFUK, København.","Dunst-spejderfest, KFUK, København.",6,./archive/legacy/200_calendar/2004/04_11_26_spejder/sangbog.jpg,,Skal gennemgås
"2004-11-26|Optræden|Dunst-spejderfest, KFUK, København.","Dunst-spejderfest, KFUK, København.",7,./archive/legacy/200_calendar/2004/04_11_26_spejder/spejder_flyer_02.gif,,Skal gennemgås
"2004-11-13|Optræden|Kun for musikken, Nadsat, København.","Kun for musikken, Nadsat, København.",1,./archive/legacy/200_calendar/2004/04_11_13_just_music/just_10.jpg,,Skal gennemgås
"2004-11-13|Optræden|Kun for musikken, Nadsat, København.","Kun for musikken, Nadsat, København.",2,./archive/legacy/200_calendar/2004/04_11_13_just_music/just_03.jpg,,Skal gennemgås
"2004-10-23|Liveoptræden|Fnat på Kat #2, Kat Nightclub, København.","Fnat på Kat #2, Kat Nightclub, København.",1,./archive/legacy/200_calendar/2004/04_10_23_fnat_02/gina_dennis_show.jpg,,Skal gennemgås
"2004-10-23|Liveoptræden|Fnat på Kat #2, Kat Nightclub, København.","Fnat på Kat #2, Kat Nightclub, København.",2,./archive/legacy/200_calendar/2004/04_10_23_fnat_02/IMG_3588.jpg,,Skal gennemgås
"2004-10-23|Liveoptræden|Fnat på Kat #2, Kat Nightclub, København.","Fnat på Kat #2, Kat Nightclub, København.",3,./archive/legacy/200_calendar/2004/04_10_23_fnat_02/IMG_3587.jpg,,Skal gennemgås
"2004-10-23|Liveoptræden|Fnat på Kat #2, Kat Nightclub, København.","Fnat på Kat #2, Kat Nightclub, København.",4,./archive/legacy/200_calendar/2004/04_10_23_fnat_02/IMG_3614.jpg,,Skal gennemgås
"2004-10-23|Liveoptræden|Fnat på Kat #2, Kat Nightclub, København.","Fnat på Kat #2, Kat Nightclub, København.",5,./archive/legacy/200_calendar/2004/04_10_23_fnat_02/IMG_3622.jpg,,Skal gennemgås
"2004-10-23|Liveoptræden|Fnat på Kat #2, Kat Nightclub, København.","Fnat på Kat #2, Kat Nightclub, København.",6,./archive/legacy/200_calendar/2004/04_10_23_fnat_02/IMG_3618.jpg,,Skal gennemgås
"2004-10-23|Liveoptræden|Fnat på Kat #2, Kat Nightclub, København.","Fnat på Kat #2, Kat Nightclub, København.",7,./archive/legacy/200_calendar/2004/04_10_23_fnat_02/IMG_3580.jpg,,Skal gennemgås
"2004-10-23|Liveoptræden|Fnat på Kat #2, Kat Nightclub, København.","Fnat på Kat #2, Kat Nightclub, København.",8,./archive/legacy/200_calendar/2004/04_10_23_fnat_02/IMG_3577.jpg,,Skal gennemgås
"2004-10-23|Liveoptræden|Fnat på Kat #2, Kat Nightclub, København.","Fnat på Kat #2, Kat Nightclub, København.",9,./archive/legacy/200_calendar/2004/04_10_23_fnat_02/IMG_3578.jpg,,Skal gennemgås
"2004-10-23|Liveoptræden|Fnat på Kat #2, Kat Nightclub, København.","Fnat på Kat #2, Kat Nightclub, København.",10,./archive/legacy/200_calendar/2004/04_10_23_fnat_02/IMG_3558.jpg,,Skal gennemgås
"2004-10-23|Liveoptræden|Fnat på Kat #2, Kat Nightclub, København.","Fnat på Kat #2, Kat Nightclub, København.",11,./archive/legacy/200_calendar/2004/04_10_23_fnat_02/IMG_3608.jpg,,Skal gennemgås
"2004-10-23|Liveoptræden|Fnat på Kat #2, Kat Nightclub, København.","Fnat på Kat #2, Kat Nightclub, København.",12,./archive/legacy/200_calendar/2004/04_10_23_fnat_02/IMG_3583.jpg,,Skal gennemgås
"2004-10-23|Liveoptræden|Fnat på Kat #2, Kat Nightclub, København.","Fnat på Kat #2, Kat Nightclub, København.",13,./archive/legacy/200_calendar/2004/04_10_23_fnat_02/IMG_3570.jpg,,Skal gennemgås
"2004-10-23|Liveoptræden|Fnat på Kat #2, Kat Nightclub, København.","Fnat på Kat #2, Kat Nightclub, København.",14,./archive/legacy/200_calendar/2004/04_10_23_fnat_02/IMG_3548.jpg,,Skal gennemgås
"2004-10-23|Liveoptræden|Fnat på Kat #2, Kat Nightclub, København.","Fnat på Kat #2, Kat Nightclub, København.",15,./archive/legacy/200_calendar/2004/04_10_23_fnat_02/IMG_3551.jpg,,Skal gennemgås
"2004-10-23|Liveoptræden|Fnat på Kat #2, Kat Nightclub, København.","Fnat på Kat #2, Kat Nightclub, København.",16,./archive/legacy/200_calendar/2004/04_10_23_fnat_02/IMG_3533.jpg,,Skal gennemgås
"2004-10-23|Liveoptræden|Fnat på Kat #2, Kat Nightclub, København.","Fnat på Kat #2, Kat Nightclub, København.",17,./archive/legacy/200_calendar/2004/04_10_23_fnat_02/IMG_3534.jpg,,Skal gennemgås
"2004-10-23|Liveoptræden|Fnat på Kat #2, Kat Nightclub, København.","Fnat på Kat #2, Kat Nightclub, København.",18,./archive/legacy/200_calendar/2004/04_10_23_fnat_02/IMG_3530.jpg,,Skal gennemgås
"2004-10-23|Liveoptræden|Fnat på Kat #2, Kat Nightclub, København.","Fnat på Kat #2, Kat Nightclub, København.",19,./archive/legacy/200_calendar/2004/04_10_23_fnat_02/fnat_kat2_forside.jpg,,Skal gennemgås
"2004-10-23|Liveoptræden|Fnat på Kat #2, Kat Nightclub, København.","Fnat på Kat #2, Kat Nightclub, København.",20,./archive/legacy/200_calendar/2004/04_10_23_fnat_02/fnat_kat2_bagside.jpg,,Skal gennemgås
"2004-10-08|Liveoptræden|Kulturnatten, Kafe Knud, København.","Kulturnatten, Kafe Knud, København.",1,./archive/legacy/200_calendar/2004/04_10_08_kulturnat_knud/kafe_knud.jpg,,Skal gennemgås
"2004-10-08|Liveoptræden|Kulturnatten, Kafe Knud, København.","Kulturnatten, Kafe Knud, København.",2,./archive/legacy/200_calendar/2004/04_10_08_kulturnat_knud/kafe_knud_02.jpg,,Skal gennemgås
"2004-10-08|Liveoptræden|Kulturnatten, Kafe Knud, København.","Kulturnatten, Kafe Knud, København.",3,./archive/legacy/200_calendar/2004/04_10_08_kulturnat_knud/kafe_knud_01.jpg,,Skal gennemgås
"2004-09-25|Optræden|Lancering af magasinet PUHA, Bernutzbar, København.","Lancering af magasinet PUHA, Bernutzbar, København.",1,./archive/legacy/200_calendar/2004/04_09_25_puha_benutz/puha_magazine.jpg,,Skal gennemgås
"2004-09-25|Optræden|Lancering af magasinet PUHA, Bernutzbar, København.","Lancering af magasinet PUHA, Bernutzbar, København.",2,./archive/legacy/200_calendar/2004/04_09_25_puha_benutz/dennis_show_01.jpg,,Skal gennemgås
"2004-09-25|Optræden|Lancering af magasinet PUHA, Bernutzbar, København.","Lancering af magasinet PUHA, Bernutzbar, København.",3,./archive/legacy/200_calendar/2004/04_09_25_puha_benutz/dennis_dive_01.jpg,,Skal gennemgås
"2004-09-25|Optræden|Lancering af magasinet PUHA, Bernutzbar, København.","Lancering af magasinet PUHA, Bernutzbar, København.",4,./archive/legacy/200_calendar/2004/04_09_25_puha_benutz/dennis_dive_02.jpg,,Skal gennemgås
"2004-09-25|Optræden|Lancering af magasinet PUHA, Bernutzbar, København.","Lancering af magasinet PUHA, Bernutzbar, København.",5,./archive/legacy/200_calendar/2004/04_09_25_puha_benutz/klon_14.jpg,,Skal gennemgås
"2004-09-25|Optræden|Lancering af magasinet PUHA, Bernutzbar, København.","Lancering af magasinet PUHA, Bernutzbar, København.",6,./archive/legacy/200_calendar/2004/04_09_25_puha_benutz/klon_06.jpg,,Skal gennemgås
"2004-09-25|Optræden|Lancering af magasinet PUHA, Bernutzbar, København.","Lancering af magasinet PUHA, Bernutzbar, København.",7,./archive/legacy/200_calendar/2004/04_09_25_puha_benutz/klon_09.jpg,,Skal gennemgås
"2004-09-25|Optræden|Lancering af magasinet PUHA, Bernutzbar, København.","Lancering af magasinet PUHA, Bernutzbar, København.",8,./archive/legacy/200_calendar/2004/04_09_25_puha_benutz/klon_04.jpg,,Skal gennemgås
"2004-09-25|Optræden|Lancering af magasinet PUHA, Bernutzbar, København.","Lancering af magasinet PUHA, Bernutzbar, København.",9,./archive/legacy/200_calendar/2004/04_09_25_puha_benutz/klon_08.jpg,,Skal gennemgås
"2004-09-25|Optræden|Lancering af magasinet PUHA, Bernutzbar, København.","Lancering af magasinet PUHA, Bernutzbar, København.",10,./archive/legacy/200_calendar/2004/04_09_25_puha_benutz/klon_07.jpg,,Skal gennemgås
"2004-09-25|Optræden|Lancering af magasinet PUHA, Bernutzbar, København.","Lancering af magasinet PUHA, Bernutzbar, København.",11,./archive/legacy/200_calendar/2004/04_09_25_puha_benutz/puta_03.jpg,,Skal gennemgås
"2004-09-25|Optræden|Lancering af magasinet PUHA, Bernutzbar, København.","Lancering af magasinet PUHA, Bernutzbar, København.",12,./archive/legacy/200_calendar/2004/04_09_25_puha_benutz/puta_02.jpg,,Skal gennemgås
"2004-09-25|Optræden|Lancering af magasinet PUHA, Bernutzbar, København.","Lancering af magasinet PUHA, Bernutzbar, København.",13,./archive/legacy/200_calendar/2004/04_09_25_puha_benutz/dennis_show_02.jpg,,Skal gennemgås
"2004-09-25|Optræden|Lancering af magasinet PUHA, Bernutzbar, København.","Lancering af magasinet PUHA, Bernutzbar, København.",14,./archive/legacy/200_calendar/2004/04_09_25_puha_benutz/klon_02.jpg,,Skal gennemgås
"2004-09-25|Optræden|Lancering af magasinet PUHA, Bernutzbar, København.","Lancering af magasinet PUHA, Bernutzbar, København.",15,./archive/legacy/200_calendar/2004/04_09_25_puha_benutz/klon_03.jpg,,Skal gennemgås
"2004-09-02|Liveoptræden|Optræden med The ACT, Diskotek KUPÉ, Aarhus.","Optræden med The ACT, Diskotek KUPÉ, Aarhus.",1,./archive/legacy/200_calendar/2004/04_09_02_kupe_aarhus/IMG_2595_02.jpg,,Skal gennemgås
"2004-09-02|Liveoptræden|Optræden med The ACT, Diskotek KUPÉ, Aarhus.","Optræden med The ACT, Diskotek KUPÉ, Aarhus.",2,./archive/legacy/200_calendar/2004/04_09_02_kupe_aarhus/IMG_2585.jpg,,Skal gennemgås
"2004-09-02|Liveoptræden|Optræden med The ACT, Diskotek KUPÉ, Aarhus.","Optræden med The ACT, Diskotek KUPÉ, Aarhus.",3,./archive/legacy/200_calendar/2004/04_09_02_kupe_aarhus/IMG_2583.jpg,,Skal gennemgås
"2004-09-02|Liveoptræden|Optræden med The ACT, Diskotek KUPÉ, Aarhus.","Optræden med The ACT, Diskotek KUPÉ, Aarhus.",4,./archive/legacy/200_calendar/2004/04_09_02_kupe_aarhus/IMG_2702.jpg,,Skal gennemgås
"2004-09-02|Liveoptræden|Optræden med The ACT, Diskotek KUPÉ, Aarhus.","Optræden med The ACT, Diskotek KUPÉ, Aarhus.",5,./archive/legacy/200_calendar/2004/04_09_02_kupe_aarhus/IMG_2615.jpg,,Skal gennemgås
"2004-09-02|Liveoptræden|Optræden med The ACT, Diskotek KUPÉ, Aarhus.","Optræden med The ACT, Diskotek KUPÉ, Aarhus.",6,./archive/legacy/200_calendar/2004/04_09_02_kupe_aarhus/IMG_2708.jpg,,Skal gennemgås
"2004-09-02|Liveoptræden|Optræden med The ACT, Diskotek KUPÉ, Aarhus.","Optræden med The ACT, Diskotek KUPÉ, Aarhus.",7,./archive/legacy/200_calendar/2004/04_09_02_kupe_aarhus/IMG_2646_02.jpg,,Skal gennemgås
"2004-09-02|Liveoptræden|Optræden med The ACT, Diskotek KUPÉ, Aarhus.","Optræden med The ACT, Diskotek KUPÉ, Aarhus.",8,./archive/legacy/200_calendar/2004/04_09_02_kupe_aarhus/IMG_2654.jpg,,Skal gennemgås
"2004-09-02|Liveoptræden|Optræden med The ACT, Diskotek KUPÉ, Aarhus.","Optræden med The ACT, Diskotek KUPÉ, Aarhus.",9,./archive/legacy/200_calendar/2004/04_09_02_kupe_aarhus/IMG_2510.jpg,,Skal gennemgås
"2004-08-27|Liveoptræden|Køn i Spil, KUA, Universitet, København.","Køn i Spil, KUA, Universitet, København.",1,./archive/legacy/200_calendar/2004/04_08_27_universitetet/dennis_01.jpg,,Skal gennemgås
"2004-08-27|Liveoptræden|Køn i Spil, KUA, Universitet, København.","Køn i Spil, KUA, Universitet, København.",2,./archive/legacy/200_calendar/2004/04_08_27_universitetet/uni_01.jpg,,Skal gennemgås
"2004-08-27|Liveoptræden|Køn i Spil, KUA, Universitet, København.","Køn i Spil, KUA, Universitet, København.",3,./archive/legacy/200_calendar/2004/04_08_27_universitetet/uni_03.jpg,,Skal gennemgås
"2004-08-27|Liveoptræden|Køn i Spil, KUA, Universitet, København.","Køn i Spil, KUA, Universitet, København.",4,./archive/legacy/200_calendar/2004/04_08_27_universitetet/dennis_02.jpg,,Skal gennemgås
"2004-08-27|Liveoptræden|Køn i Spil, KUA, Universitet, København.","Køn i Spil, KUA, Universitet, København.",5,./archive/legacy/200_calendar/2004/04_08_27_universitetet/madam_dennis.jpg,,Skal gennemgås
"2004-08-07|Liveoptræden|COMA-fest, NIMB, København.","COMA-fest, NIMB, København.",1,./archive/legacy/200_calendar/2004/04_08_07_coma/coma-club.jpg,,Skal gennemgås
"2004-08-07|Liveoptræden|COMA-fest, NIMB, København.","COMA-fest, NIMB, København.",2,./archive/legacy/200_calendar/2004/04_08_07_coma/coma_12.jpg,,Skal gennemgås
"2004-08-07|Liveoptræden|COMA-fest, NIMB, København.","COMA-fest, NIMB, København.",3,./archive/legacy/200_calendar/2004/04_08_07_coma/coma_13.jpg,,Skal gennemgås
"2004-08-07|Liveoptræden|COMA-fest, NIMB, København.","COMA-fest, NIMB, København.",4,./archive/legacy/200_calendar/2004/04_08_07_coma/coma_11.jpg,,Skal gennemgås
"2004-08-07|Liveoptræden|COMA-fest, NIMB, København.","COMA-fest, NIMB, København.",5,./archive/legacy/200_calendar/2004/04_08_07_coma/coma_09.jpg,,Skal gennemgås
"2004-08-07|Liveoptræden|COMA-fest, NIMB, København.","COMA-fest, NIMB, København.",6,./archive/legacy/200_calendar/2004/04_08_07_coma/coma_53.jpg,,Skal gennemgås
"2004-08-07|Liveoptræden|COMA-fest, NIMB, København.","COMA-fest, NIMB, København.",7,./archive/legacy/200_calendar/2004/04_08_07_coma/coma_54.jpg,,Skal gennemgås
"2004-08-05|Optræden|Kulturhavn, Islands Brygge, København","Kulturhavn, Islands Brygge, København",1,./archive/legacy/200_calendar/2004/04_08_05_kulturhavn/IMG_1744.jpg,,Skal gennemgås
"2004-08-05|Optræden|Kulturhavn, Islands Brygge, København","Kulturhavn, Islands Brygge, København",2,./archive/legacy/200_calendar/2004/04_08_05_kulturhavn/IMG_1729.jpg,,Skal gennemgås
"2004-08-05|Optræden|Kulturhavn, Islands Brygge, København","Kulturhavn, Islands Brygge, København",3,./archive/legacy/200_calendar/2004/04_08_05_kulturhavn/IMG_1747.jpg,,Skal gennemgås
"2004-08-05|Optræden|Kulturhavn, Islands Brygge, København","Kulturhavn, Islands Brygge, København",4,./archive/legacy/200_calendar/2004/04_08_05_kulturhavn/IMG_1779.jpg,,Skal gennemgås
"2004-08-05|Optræden|Kulturhavn, Islands Brygge, København","Kulturhavn, Islands Brygge, København",5,./archive/legacy/200_calendar/2004/04_08_05_kulturhavn/IMG_1813.jpg,,Skal gennemgås
"2004-08-05|Optræden|Kulturhavn, Islands Brygge, København","Kulturhavn, Islands Brygge, København",6,./archive/legacy/200_calendar/2004/04_08_05_kulturhavn/IMG_1821.jpg,,Skal gennemgås
"2004-08-05|Optræden|Kulturhavn, Islands Brygge, København","Kulturhavn, Islands Brygge, København",7,./archive/legacy/200_calendar/2004/04_08_05_kulturhavn/IMG_1824.jpg,,Skal gennemgås
"2004-08-05|Optræden|Kulturhavn, Islands Brygge, København","Kulturhavn, Islands Brygge, København",8,./archive/legacy/200_calendar/2004/04_08_05_kulturhavn/IMG_1825.jpg,,Skal gennemgås
"2004-08-05|Optræden|Kulturhavn, Islands Brygge, København","Kulturhavn, Islands Brygge, København",9,./archive/legacy/200_calendar/2004/04_08_05_kulturhavn/IMG_1826.jpg,,Skal gennemgås
"2004-08-05|Optræden|Kulturhavn, Islands Brygge, København","Kulturhavn, Islands Brygge, København",10,./archive/legacy/200_calendar/2004/04_08_05_kulturhavn/IMG_1830.jpg,,Skal gennemgås
"2004-08-05|Optræden|Kulturhavn, Islands Brygge, København","Kulturhavn, Islands Brygge, København",11,./archive/legacy/200_calendar/2004/04_08_05_kulturhavn/IMG_1836.jpg,,Skal gennemgås
"2004-08-05|Optræden|Kulturhavn, Islands Brygge, København","Kulturhavn, Islands Brygge, København",12,./archive/legacy/200_calendar/2004/04_08_05_kulturhavn/IMG_1837.jpg,,Skal gennemgås
"2004-08-05|Optræden|Kulturhavn, Islands Brygge, København","Kulturhavn, Islands Brygge, København",13,./archive/legacy/200_calendar/2004/04_08_05_kulturhavn/kulturhavn_02.jpg,,Skal gennemgås
"2004-08-05|Optræden|Kulturhavn, Islands Brygge, København","Kulturhavn, Islands Brygge, København",14,./archive/legacy/200_calendar/2004/04_08_05_kulturhavn/kulturhavn_01.jpg,,Skal gennemgås
"2004-08-05|Optræden|Kulturhavn, Islands Brygge, København","Kulturhavn, Islands Brygge, København",15,./archive/legacy/200_calendar/2004/04_08_05_kulturhavn/IMG_1735.jpg,,Skal gennemgås
"2004-08-04|Film|Playing Tourist, København.","Playing Tourist, København.",1,./archive/legacy/200_calendar/2004/04_08_04_playing_tourist/IMG_1683.jpg,,Skal gennemgås
"2004-08-04|Film|Playing Tourist, København.","Playing Tourist, København.",2,./archive/legacy/200_calendar/2004/04_08_04_playing_tourist/IMG_1697.jpg,,Skal gennemgås
"2004-07-17|Demonstration|Demonstration ved den serbiske ambassade, København.","Demonstration ved den serbiske ambassade, København.",1,./archive/legacy/200_calendar/2004/04_07_17_belgrade_pride/demonstration_02.jpg,,Skal gennemgås
"2004-07-17|Demonstration|Demonstration ved den serbiske ambassade, København.","Demonstration ved den serbiske ambassade, København.",2,./archive/legacy/200_calendar/2004/04_07_17_belgrade_pride/demonstration_09.jpg,,Skal gennemgås
"2004-07-17|Demonstration|Demonstration ved den serbiske ambassade, København.","Demonstration ved den serbiske ambassade, København.",3,./archive/legacy/200_calendar/2004/04_07_17_belgrade_pride/demonstration_08.jpg,,Skal gennemgås
"2004-07-17|Demonstration|Demonstration ved den serbiske ambassade, København.","Demonstration ved den serbiske ambassade, København.",4,./archive/legacy/200_calendar/2004/04_07_17_belgrade_pride/demonstration_01.jpg,,Skal gennemgås
"2004-07-17|Demonstration|Demonstration ved den serbiske ambassade, København.","Demonstration ved den serbiske ambassade, København.",5,./archive/legacy/200_calendar/2004/04_07_17_belgrade_pride/demonstration_03.jpg,,Skal gennemgås
"2004-07-17|Demonstration|Demonstration ved den serbiske ambassade, København.","Demonstration ved den serbiske ambassade, København.",6,./archive/legacy/200_calendar/2004/04_07_17_belgrade_pride/dunst_belgrade_pride.gif,,Skal gennemgås
"2004-07-15|Optræden|Nag Nag Nag-fest, Rust, København.","Nag Nag Nag-fest, Rust, København.",1,./archive/legacy/200_calendar/2004/04_07_15_nag_nag_nag/IMG_1587.jpg,,Skal gennemgås
"2004-07-15|Optræden|Nag Nag Nag-fest, Rust, København.","Nag Nag Nag-fest, Rust, København.",2,./archive/legacy/200_calendar/2004/04_07_15_nag_nag_nag/IMG_1569.jpg,,Skal gennemgås
"2004-07-15|Optræden|Nag Nag Nag-fest, Rust, København.","Nag Nag Nag-fest, Rust, København.",3,./archive/legacy/200_calendar/2004/04_07_15_nag_nag_nag/IMG_1570.jpg,,Skal gennemgås
"2004-07-15|Optræden|Nag Nag Nag-fest, Rust, København.","Nag Nag Nag-fest, Rust, København.",4,./archive/legacy/200_calendar/2004/04_07_15_nag_nag_nag/IMG_1590.jpg,,Skal gennemgås
"2004-07-15|Optræden|Nag Nag Nag-fest, Rust, København.","Nag Nag Nag-fest, Rust, København.",5,./archive/legacy/200_calendar/2004/04_07_15_nag_nag_nag/IMG_1572.jpg,,Skal gennemgås
"2004-07-15|Optræden|Nag Nag Nag-fest, Rust, København.","Nag Nag Nag-fest, Rust, København.",6,./archive/legacy/200_calendar/2004/04_07_15_nag_nag_nag/IMG_1540.jpg,,Skal gennemgås
"2004-07-15|Optræden|Nag Nag Nag-fest, Rust, København.","Nag Nag Nag-fest, Rust, København.",7,./archive/legacy/200_calendar/2004/04_07_15_nag_nag_nag/IMG_1541.jpg,,Skal gennemgås
"2004-07-15|Optræden|Nag Nag Nag-fest, Rust, København.","Nag Nag Nag-fest, Rust, København.",8,./archive/legacy/200_calendar/2004/04_07_15_nag_nag_nag/IMG_1536.jpg,,Skal gennemgås
"2004-07-15|Optræden|Nag Nag Nag-fest, Rust, København.","Nag Nag Nag-fest, Rust, København.",9,./archive/legacy/200_calendar/2004/04_07_15_nag_nag_nag/IMG_1537.jpg,,Skal gennemgås
"2004-07-15|Optræden|Nag Nag Nag-fest, Rust, København.","Nag Nag Nag-fest, Rust, København.",10,./archive/legacy/200_calendar/2004/04_07_15_nag_nag_nag/IMG_1542.jpg,,Skal gennemgås
"2004-07-15|Optræden|Nag Nag Nag-fest, Rust, København.","Nag Nag Nag-fest, Rust, København.",11,./archive/legacy/200_calendar/2004/04_07_15_nag_nag_nag/IMG_1515.jpg,,Skal gennemgås
"2004-07-15|Optræden|Nag Nag Nag-fest, Rust, København.","Nag Nag Nag-fest, Rust, København.",12,./archive/legacy/200_calendar/2004/04_07_15_nag_nag_nag/IMG_1611.jpg,,Skal gennemgås
"2004-07-15|Optræden|Nag Nag Nag-fest, Rust, København.","Nag Nag Nag-fest, Rust, København.",13,./archive/legacy/200_calendar/2004/04_07_15_nag_nag_nag/nag_dennis_01.jpg,,Skal gennemgås
"2004-07-02|Liveoptræden|Homofobi, Kinzo Club, Berlin.","Homofobi, Kinzo Club, Berlin.",1,./archive/legacy/200_calendar/2004/04_07_02_homophobia_berlin/homophobia_dennis_03.jpg,,Skal gennemgås
"2004-07-02|Liveoptræden|Homofobi, Kinzo Club, Berlin.","Homofobi, Kinzo Club, Berlin.",2,./archive/legacy/200_calendar/2004/04_07_02_homophobia_berlin/homophobia_dennis_01.jpg,,Skal gennemgås
"2004-07-02|Liveoptræden|Homofobi, Kinzo Club, Berlin.","Homofobi, Kinzo Club, Berlin.",3,./archive/legacy/200_calendar/2004/04_07_02_homophobia_berlin/homophobia_dennis_02.jpg,,Skal gennemgås
"2004-07-02|Liveoptræden|Homofobi, Kinzo Club, Berlin.","Homofobi, Kinzo Club, Berlin.",4,./archive/legacy/200_calendar/2004/04_07_02_homophobia_berlin/homophobia_show_05.jpg,,Skal gennemgås
"2004-06-03|Optræden|Distortion- og Dunst-fest i en bus, Christiania, København.","Distortion- og Dunst-fest i en bus, Christiania, København.",1,./archive/legacy/200_calendar/2004/04_06_03_distortion/bus_26.jpg,,Skal gennemgås
"2004-06-03|Optræden|Distortion- og Dunst-fest i en bus, Christiania, København.","Distortion- og Dunst-fest i en bus, Christiania, København.",2,./archive/legacy/200_calendar/2004/04_06_03_distortion/fest_15_bus_banner.gif,,Skal gennemgås
"2004-06-03|Optræden|Distortion- og Dunst-fest i en bus, Christiania, København.","Distortion- og Dunst-fest i en bus, Christiania, København.",3,./archive/legacy/200_calendar/2004/04_06_03_distortion/bus_04.jpg,,Skal gennemgås
"2004-06-03|Optræden|Distortion- og Dunst-fest i en bus, Christiania, København.","Distortion- og Dunst-fest i en bus, Christiania, København.",4,./archive/legacy/200_calendar/2004/04_06_03_distortion/bus_25.jpg,,Skal gennemgås
"2004-06-03|Optræden|Distortion- og Dunst-fest i en bus, Christiania, København.","Distortion- og Dunst-fest i en bus, Christiania, København.",5,./archive/legacy/200_calendar/2004/04_06_03_distortion/bus_02.jpg,,Skal gennemgås
"2004-06-03|Optræden|Distortion- og Dunst-fest i en bus, Christiania, København.","Distortion- og Dunst-fest i en bus, Christiania, København.",6,./archive/legacy/200_calendar/2004/04_06_03_distortion/bus_29.jpg,,Skal gennemgås
"2004-06-03|Optræden|Distortion- og Dunst-fest i en bus, Christiania, København.","Distortion- og Dunst-fest i en bus, Christiania, København.",7,./archive/legacy/200_calendar/2004/04_06_03_distortion/bus_35.jpg,,Skal gennemgås
"2004-06-03|Optræden|Distortion- og Dunst-fest i en bus, Christiania, København.","Distortion- og Dunst-fest i en bus, Christiania, København.",8,./archive/legacy/200_calendar/2004/04_06_03_distortion/christianhavns_torv.jpg,,Skal gennemgås
"2004-06-03|Optræden|Distortion- og Dunst-fest i en bus, Christiania, København.","Distortion- og Dunst-fest i en bus, Christiania, København.",9,./archive/legacy/200_calendar/2004/04_06_03_distortion/mod_christiansborg_01.jpg,,Skal gennemgås
"2004-06-03|Optræden|Distortion- og Dunst-fest i en bus, Christiania, København.","Distortion- og Dunst-fest i en bus, Christiania, København.",10,./archive/legacy/200_calendar/2004/04_06_03_distortion/mod_christiansborg_02.jpg,,Skal gennemgås
"2004-06-03|Optræden|Distortion- og Dunst-fest i en bus, Christiania, København.","Distortion- og Dunst-fest i en bus, Christiania, København.",11,./archive/legacy/200_calendar/2004/04_06_03_distortion/mod_christiansborg_03.jpg,,Skal gennemgås
"2004-06-01|Liveoptræden|Queeruption # 6, Amsterdam.","Queeruption # 6, Amsterdam.",1,./archive/legacy/200_calendar/2004/04_06_04_queeruption/queer_dennis_01.jpg,,Skal gennemgås
"2004-06-01|Liveoptræden|Queeruption # 6, Amsterdam.","Queeruption # 6, Amsterdam.",2,./archive/legacy/200_calendar/2004/04_06_04_queeruption/queer_dennis_03.jpg,,Skal gennemgås
"2004-06-01|Liveoptræden|Queeruption # 6, Amsterdam.","Queeruption # 6, Amsterdam.",3,./archive/legacy/200_calendar/2004/04_06_04_queeruption/queer_dennis_02.jpg,,Skal gennemgås
"2004-06-01|Liveoptræden|Queeruption # 6, Amsterdam.","Queeruption # 6, Amsterdam.",4,./archive/legacy/200_calendar/2004/04_06_04_queeruption/queer_bjarne_01.jpg,,Skal gennemgås
"2004-06-01|Liveoptræden|Queeruption # 6, Amsterdam.","Queeruption # 6, Amsterdam.",5,./archive/legacy/200_calendar/2004/04_06_04_queeruption/queer_bjarne_02.jpg,,Skal gennemgås
"2004-06-01|Liveoptræden|Queeruption # 6, Amsterdam.","Queeruption # 6, Amsterdam.",6,./archive/legacy/200_calendar/2004/04_06_04_queeruption/queer_02.jpg,,Skal gennemgås
"2004-06-01|Liveoptræden|Queeruption # 6, Amsterdam.","Queeruption # 6, Amsterdam.",7,./archive/legacy/200_calendar/2004/04_06_04_queeruption/queer_08.jpg,,Skal gennemgås
"2004-06-01|Liveoptræden|Queeruption # 6, Amsterdam.","Queeruption # 6, Amsterdam.",8,./archive/legacy/200_calendar/2004/04_06_04_queeruption/queeruption_6_flyer.jpg,,Skal gennemgås
"2004-05-01|Liveoptræden|Silo, Dunst-fest, Islands Brygge, København.","Silo, Dunst-fest, Islands Brygge, København.",1,./archive/legacy/200_calendar/2004/04_05_01_silo/dennis_agerblad.jpg,,Skal gennemgås
"2004-05-01|Liveoptræden|Silo, Dunst-fest, Islands Brygge, København.","Silo, Dunst-fest, Islands Brygge, København.",2,./archive/legacy/200_calendar/2004/04_05_01_silo/Image04.jpg,,Skal gennemgås
"2004-05-01|Liveoptræden|Silo, Dunst-fest, Islands Brygge, København.","Silo, Dunst-fest, Islands Brygge, København.",3,./archive/legacy/200_calendar/2004/04_05_01_silo/Image09.jpg,,Skal gennemgås
"2004-05-01|Liveoptræden|Silo, Dunst-fest, Islands Brygge, København.","Silo, Dunst-fest, Islands Brygge, København.",4,./archive/legacy/200_calendar/2004/04_05_01_silo/Image02.jpg,,Skal gennemgås
"2004-05-01|Liveoptræden|Silo, Dunst-fest, Islands Brygge, København.","Silo, Dunst-fest, Islands Brygge, København.",5,./archive/legacy/200_calendar/2004/04_05_01_silo/Image47.jpg,,Skal gennemgås
"2004-05-01|Liveoptræden|Silo, Dunst-fest, Islands Brygge, København.","Silo, Dunst-fest, Islands Brygge, København.",6,./archive/legacy/200_calendar/2004/04_05_01_silo/Image40.jpg,,Skal gennemgås
"2004-05-01|Liveoptræden|Silo, Dunst-fest, Islands Brygge, København.","Silo, Dunst-fest, Islands Brygge, København.",7,./archive/legacy/200_calendar/2004/04_05_01_silo/Image64.jpg,,Skal gennemgås
"2004-05-01|Liveoptræden|Silo, Dunst-fest, Islands Brygge, København.","Silo, Dunst-fest, Islands Brygge, København.",8,./archive/legacy/200_calendar/2004/04_05_01_silo/Image41.jpg,,Skal gennemgås
"2004-05-01|Liveoptræden|Silo, Dunst-fest, Islands Brygge, København.","Silo, Dunst-fest, Islands Brygge, København.",9,./archive/legacy/200_calendar/2004/04_05_01_silo/fest_14_silo_01.gif,,Skal gennemgås
"2004-04-10|Liveoptræden|Cross Dress, Dunst-fest, Ungdomshuset, København.","Cross Dress, Dunst-fest, Ungdomshuset, København.",1,./archive/legacy/200_calendar/2004/04_04_10_cross_dress/cross_dennis_01.jpg,,Skal gennemgås
"2004-04-10|Liveoptræden|Cross Dress, Dunst-fest, Ungdomshuset, København.","Cross Dress, Dunst-fest, Ungdomshuset, København.",2,./archive/legacy/200_calendar/2004/04_04_10_cross_dress/cross_dennis_02.jpg,,Skal gennemgås
"2004-04-10|Liveoptræden|Cross Dress, Dunst-fest, Ungdomshuset, København.","Cross Dress, Dunst-fest, Ungdomshuset, København.",3,./archive/legacy/200_calendar/2004/04_04_10_cross_dress/06_anders_wickstroem.jpg,,Skal gennemgås
"2004-03-27|Liveoptræden|Dunst-optræden på Supamolli, Berlin.","Dunst-optræden på Supamolli, Berlin.",1,./archive/legacy/200_calendar/2004/04_03_27_supamolli/supamolli_dennis_02.jpg,,Skal gennemgås
"2004-03-27|Liveoptræden|Dunst-optræden på Supamolli, Berlin.","Dunst-optræden på Supamolli, Berlin.",2,./archive/legacy/200_calendar/2004/04_03_27_supamolli/thom_dennis.jpg,,Skal gennemgås
"2004-03-27|Liveoptræden|Dunst-optræden på Supamolli, Berlin.","Dunst-optræden på Supamolli, Berlin.",3,./archive/legacy/200_calendar/2004/04_03_27_supamolli/supamolli_dennis_01.jpg,,Skal gennemgås
"2004-03-27|Liveoptræden|Dunst-optræden på Supamolli, Berlin.","Dunst-optræden på Supamolli, Berlin.",4,./archive/legacy/200_calendar/2004/04_03_27_supamolli/supamolli_flyer.jpg,,Skal gennemgås
"2004-01-17|Optræden|CockPit-afskedsfest, København.","CockPit-afskedsfest, København.",1,./archive/legacy/200_calendar/2004/04_01_17_cockpitt_farvel/dennis_line_01.jpg,,Skal gennemgås
"2004-01-17|Optræden|CockPit-afskedsfest, København.","CockPit-afskedsfest, København.",2,./archive/legacy/200_calendar/2004/04_01_17_cockpitt_farvel/cockpitt_farvel.gif,,Skal gennemgås
"2003-11-29|Liveoptræden|Vært ved åbningsfesten for Nordatlantens Brygge, Bryggen, København.","Vært ved åbningsfesten for Nordatlantens Brygge, Bryggen, København.",1,./archive/legacy/200_calendar/2003/03_11_29_bryggen/dennis_bryggen_02.jpg,,Skal gennemgås
"2003-11-29|Liveoptræden|Vært ved åbningsfesten for Nordatlantens Brygge, Bryggen, København.","Vært ved åbningsfesten for Nordatlantens Brygge, Bryggen, København.",2,./archive/legacy/200_calendar/2003/03_11_29_bryggen/dennis_bryggen_01.jpg,,Skal gennemgås
"2003-11-29|Liveoptræden|Vært ved åbningsfesten for Nordatlantens Brygge, Bryggen, København.","Vært ved åbningsfesten for Nordatlantens Brygge, Bryggen, København.",3,./archive/legacy/200_calendar/2003/03_11_29_bryggen/bryggen.jpg,,Skal gennemgås
"2003-11-29|Liveoptræden|Vært ved åbningsfesten for Nordatlantens Brygge, Bryggen, København.","Vært ved åbningsfesten for Nordatlantens Brygge, Bryggen, København.",4,./archive/legacy/200_calendar/2003/03_11_29_bryggen/03_11_29_nordatlanten_02.jpg,,Skal gennemgås
"2003-11-22|Optræden|SNIP Udstilling, Galleri Guggen, København.","SNIP Udstilling, Galleri Guggen, København.",1,./archive/legacy/200_calendar/2003/03_11_22_snip/03_11_22_flyer_snip.jpg,,Skal gennemgås
"2003-11-22|Optræden|SNIP Udstilling, Galleri Guggen, København.","SNIP Udstilling, Galleri Guggen, København.",2,./archive/legacy/200_calendar/2003/03_11_22_snip/snip_dennis_skridt_12.jpg,,Skal gennemgås
"2003-11-22|Optræden|SNIP Udstilling, Galleri Guggen, København.","SNIP Udstilling, Galleri Guggen, København.",3,./archive/legacy/200_calendar/2003/03_11_22_snip/snip_dennis_03.jpg,,Skal gennemgås
"2003-11-22|Optræden|SNIP Udstilling, Galleri Guggen, København.","SNIP Udstilling, Galleri Guggen, København.",4,./archive/legacy/200_calendar/2003/03_11_22_snip/snip_dennis_08.jpg,,Skal gennemgås
"2003-11-22|Optræden|SNIP Udstilling, Galleri Guggen, København.","SNIP Udstilling, Galleri Guggen, København.",5,./archive/legacy/200_calendar/2003/03_11_22_snip/snip_ramona_02.jpg,,Skal gennemgås
"2003-11-22|Optræden|SNIP Udstilling, Galleri Guggen, København.","SNIP Udstilling, Galleri Guggen, København.",6,./archive/legacy/200_calendar/2003/03_11_22_snip/snip_dennis_04.jpg,,Skal gennemgås
"2003-11-22|Optræden|SNIP Udstilling, Galleri Guggen, København.","SNIP Udstilling, Galleri Guggen, København.",7,./archive/legacy/200_calendar/2003/03_11_22_snip/snip_dennis_07.jpg,,Skal gennemgås
"2003-11-22|Optræden|SNIP Udstilling, Galleri Guggen, København.","SNIP Udstilling, Galleri Guggen, København.",8,./archive/legacy/200_calendar/2003/03_11_22_snip/snip_dennis_01.jpg,,Skal gennemgås
"2003-11-15|Liveoptræden|The Shadow People, Eggerslandwehr, Berlin.","The Shadow People, Eggerslandwehr, Berlin.",1,./archive/legacy/200_calendar/2003/03_11_15_shadow_people/shadow_people_01.jpg,,Skal gennemgås
"2003-11-15|Liveoptræden|The Shadow People, Eggerslandwehr, Berlin.","The Shadow People, Eggerslandwehr, Berlin.",2,./archive/legacy/200_calendar/2003/03_11_15_shadow_people/shadow_people_02.jpg,,Skal gennemgås
"2003-11-15|Liveoptræden|The Shadow People, Eggerslandwehr, Berlin.","The Shadow People, Eggerslandwehr, Berlin.",3,./archive/legacy/200_calendar/2003/03_11_15_shadow_people/dennis_agerblad.jpg,,Skal gennemgås
"2003-10-30|Happening|I teatret, Den Anden Opera, København.","I teatret, Den Anden Opera, København.",1,./archive/legacy/200_calendar/2003/03_10_30_Den Anden Opera/Image01.jpg,,Skal gennemgås
"2003-10-30|Happening|I teatret, Den Anden Opera, København.","I teatret, Den Anden Opera, København.",2,./archive/legacy/200_calendar/2003/03_10_30_Den Anden Opera/Image02.jpg,,Skal gennemgås
"2003-10-30|Happening|I teatret, Den Anden Opera, København.","I teatret, Den Anden Opera, København.",3,./archive/legacy/200_calendar/2003/03_10_30_Den Anden Opera/Image03.jpg,,Skal gennemgås
"2003-10-30|Happening|I teatret, Den Anden Opera, København.","I teatret, Den Anden Opera, København.",4,./archive/legacy/200_calendar/2003/03_10_30_Den Anden Opera/Image04.jpg,,Skal gennemgås
"2003-10-30|Happening|I teatret, Den Anden Opera, København.","I teatret, Den Anden Opera, København.",5,./archive/legacy/200_calendar/2003/03_10_30_Den Anden Opera/Image07.jpg,,Skal gennemgås
"2003-10-30|Happening|I teatret, Den Anden Opera, København.","I teatret, Den Anden Opera, København.",6,./archive/legacy/200_calendar/2003/03_10_30_Den Anden Opera/Image08.jpg,,Skal gennemgås
"2003-10-30|Happening|I teatret, Den Anden Opera, København.","I teatret, Den Anden Opera, København.",7,./archive/legacy/200_calendar/2003/03_10_30_Den Anden Opera/Image12.jpg,,Skal gennemgås
"2003-10-30|Happening|I teatret, Den Anden Opera, København.","I teatret, Den Anden Opera, København.",8,./archive/legacy/200_calendar/2003/03_10_30_Den Anden Opera/Image15.jpg,,Skal gennemgås
"2003-10-30|Happening|I teatret, Den Anden Opera, København.","I teatret, Den Anden Opera, København.",9,./archive/legacy/200_calendar/2003/03_10_30_Den Anden Opera/02.jpg,,Skal gennemgås
"2003-10-30|Happening|I teatret, Den Anden Opera, København.","I teatret, Den Anden Opera, København.",10,./archive/legacy/200_calendar/2003/03_10_30_Den Anden Opera/05.jpg,,Skal gennemgås
"2003-09-20|Liveoptræden|Når skidt kommer til ære, Filmhuset, København.","Når skidt kommer til ære, Filmhuset, København.",1,./archive/legacy/200_calendar/2003/03_09_20_skidt_kommer_til/dscn3475.jpg,,Skal gennemgås
"2003-09-20|Liveoptræden|Når skidt kommer til ære, Filmhuset, København.","Når skidt kommer til ære, Filmhuset, København.",2,./archive/legacy/200_calendar/2003/03_09_20_skidt_kommer_til/dscn3514.jpg,,Skal gennemgås
"2003-09-20|Liveoptræden|Når skidt kommer til ære, Filmhuset, København.","Når skidt kommer til ære, Filmhuset, København.",3,./archive/legacy/200_calendar/2003/03_09_20_skidt_kommer_til/dscn3527.jpg,,Skal gennemgås
"2003-09-20|Liveoptræden|Når skidt kommer til ære, Filmhuset, København.","Når skidt kommer til ære, Filmhuset, København.",4,./archive/legacy/200_calendar/2003/03_09_20_skidt_kommer_til/dscn3528.jpg,,Skal gennemgås
"2003-09-20|Liveoptræden|Når skidt kommer til ære, Filmhuset, København.","Når skidt kommer til ære, Filmhuset, København.",5,./archive/legacy/200_calendar/2003/03_09_20_skidt_kommer_til/dscn3483.jpg,,Skal gennemgås
"2003-09-20|Liveoptræden|Når skidt kommer til ære, Filmhuset, København.","Når skidt kommer til ære, Filmhuset, København.",6,./archive/legacy/200_calendar/2003/03_09_20_skidt_kommer_til/dscn3479.jpg,,Skal gennemgås
"2003-09-20|Liveoptræden|Når skidt kommer til ære, Filmhuset, København.","Når skidt kommer til ære, Filmhuset, København.",7,./archive/legacy/200_calendar/2003/03_09_20_skidt_kommer_til/dscn3455.jpg,,Skal gennemgås
"2003-09-20|Liveoptræden|Når skidt kommer til ære, Filmhuset, København.","Når skidt kommer til ære, Filmhuset, København.",8,./archive/legacy/200_calendar/2003/03_09_20_skidt_kommer_til/dscn3502.jpg,,Skal gennemgås
"2003-09-20|Liveoptræden|Når skidt kommer til ære, Filmhuset, København.","Når skidt kommer til ære, Filmhuset, København.",9,./archive/legacy/200_calendar/2003/03_09_20_skidt_kommer_til/flyer_filmhuset_02.jpg,,Skal gennemgås
"2003-08-30|Optræden|Tourist Trap, Bevar Christiania # 3 - Christiania, København.","Tourist Trap, Bevar Christiania # 3 - Christiania, København.",1,./archive/legacy/200_calendar/2003/03_08_30_turist_trap/tourist_trap_bar_01.jpg,,Skal gennemgås
"2003-08-30|Optræden|Tourist Trap, Bevar Christiania # 3 - Christiania, København.","Tourist Trap, Bevar Christiania # 3 - Christiania, København.",2,./archive/legacy/200_calendar/2003/03_08_30_turist_trap/tourist_trap_dennis_01.jpg,,Skal gennemgås
"2003-08-30|Optræden|Tourist Trap, Bevar Christiania # 3 - Christiania, København.","Tourist Trap, Bevar Christiania # 3 - Christiania, København.",3,./archive/legacy/200_calendar/2003/03_08_30_turist_trap/03_08_30_tourist_trap_03.jpg,,Skal gennemgås
"2003-08-30|Optræden|Tourist Trap, Bevar Christiania # 3 - Christiania, København.","Tourist Trap, Bevar Christiania # 3 - Christiania, København.",4,./archive/legacy/200_calendar/2003/03_08_30_turist_trap/tourist_trap_dennis_03.jpg,,Skal gennemgås
"2003-08-30|Optræden|Tourist Trap, Bevar Christiania # 3 - Christiania, København.","Tourist Trap, Bevar Christiania # 3 - Christiania, København.",5,./archive/legacy/200_calendar/2003/03_08_30_turist_trap/tourist_trap_dennis_02.jpg,,Skal gennemgås
"2003-08-30|Optræden|Tourist Trap, Bevar Christiania # 3 - Christiania, København.","Tourist Trap, Bevar Christiania # 3 - Christiania, København.",6,./archive/legacy/200_calendar/2003/03_08_30_turist_trap/03_08_30_tourist_trap_02.jpg,,Skal gennemgås
"2003-08-30|Optræden|Tourist Trap, Bevar Christiania # 3 - Christiania, København.","Tourist Trap, Bevar Christiania # 3 - Christiania, København.",7,./archive/legacy/200_calendar/2003/03_08_30_turist_trap/tourist_trap_den_pat_01.jpg,,Skal gennemgås
"2003-08-30|Optræden|Tourist Trap, Bevar Christiania # 3 - Christiania, København.","Tourist Trap, Bevar Christiania # 3 - Christiania, København.",8,./archive/legacy/200_calendar/2003/03_08_30_turist_trap/2003_08_30_tourist_trap.jpg,,Skal gennemgås
2003-08-16|Parade|Jeg gik med Dunst i paraden.,Jeg gik med Dunst i paraden.,1,./archive/legacy/200_calendar/2003/03_08_16_pride_dk/dennis_agerblad_01.jpg,,Skal gennemgås
2003-08-16|Parade|Jeg gik med Dunst i paraden.,Jeg gik med Dunst i paraden.,2,./archive/legacy/200_calendar/2003/03_08_16_pride_dk/dennis_agerblad_02.jpg,,Skal gennemgås
2003-08-16|Parade|Jeg gik med Dunst i paraden.,Jeg gik med Dunst i paraden.,3,./archive/legacy/200_calendar/2003/03_08_16_pride_dk/DSCN2355.jpg,,Skal gennemgås
2003-08-16|Parade|Jeg gik med Dunst i paraden.,Jeg gik med Dunst i paraden.,4,./archive/legacy/200_calendar/2003/03_08_16_pride_dk/Dscn2389.jpg,,Skal gennemgås
2003-08-16|Parade|Jeg gik med Dunst i paraden.,Jeg gik med Dunst i paraden.,5,./archive/legacy/200_calendar/2003/03_08_16_pride_dk/Dscn2405.jpg,,Skal gennemgås
2003-08-16|Parade|Jeg gik med Dunst i paraden.,Jeg gik med Dunst i paraden.,6,./archive/legacy/200_calendar/2003/03_08_16_pride_dk/Dscn2406.jpg,,Skal gennemgås
2003-08-16|Parade|Jeg gik med Dunst i paraden.,Jeg gik med Dunst i paraden.,7,./archive/legacy/200_calendar/2003/03_08_16_pride_dk/Dscn2487.jpg,,Skal gennemgås
2003-08-16|Parade|Jeg gik med Dunst i paraden.,Jeg gik med Dunst i paraden.,8,./archive/legacy/200_calendar/2003/03_08_16_pride_dk/Dscn2446.jpg,,Skal gennemgås
2003-08-16|Parade|Jeg gik med Dunst i paraden.,Jeg gik med Dunst i paraden.,9,./archive/legacy/200_calendar/2003/03_08_16_pride_dk/Dscn2546.jpg,,Skal gennemgås
2003-08-16|Parade|Jeg gik med Dunst i paraden.,Jeg gik med Dunst i paraden.,10,./archive/legacy/200_calendar/2003/03_08_16_pride_dk/parade_nicu.jpg,,Skal gennemgås
2003-08-16|Parade|Jeg gik med Dunst i paraden.,Jeg gik med Dunst i paraden.,11,./archive/legacy/200_calendar/2003/03_08_16_pride_dk/Dscn2549.jpg,,Skal gennemgås
2003-08-16|Parade|Jeg gik med Dunst i paraden.,Jeg gik med Dunst i paraden.,12,./archive/legacy/200_calendar/2003/03_08_16_pride_dk/Dscn2555.jpg,,Skal gennemgås
2003-08-16|Parade|Jeg gik med Dunst i paraden.,Jeg gik med Dunst i paraden.,13,./archive/legacy/200_calendar/2003/03_08_16_pride_dk/Dscn2557.jpg,,Skal gennemgås
2003-08-16|Parade|Jeg gik med Dunst i paraden.,Jeg gik med Dunst i paraden.,14,./archive/legacy/200_calendar/2003/03_08_16_pride_dk/parade_01.jpg,,Skal gennemgås
2003-08-16|Parade|Jeg gik med Dunst i paraden.,Jeg gik med Dunst i paraden.,15,./archive/legacy/200_calendar/2003/03_08_16_pride_dk/Dscn2572.jpg,,Skal gennemgås
2003-08-16|Parade|Jeg gik med Dunst i paraden.,Jeg gik med Dunst i paraden.,16,./archive/legacy/200_calendar/2003/03_08_16_pride_dk/Dscn2573.jpg,,Skal gennemgås
2003-08-16|Parade|Jeg gik med Dunst i paraden.,Jeg gik med Dunst i paraden.,17,./archive/legacy/200_calendar/2003/03_08_16_pride_dk/Dscn2594.jpg,,Skal gennemgås
2003-08-16|Parade|Jeg gik med Dunst i paraden.,Jeg gik med Dunst i paraden.,18,./archive/legacy/200_calendar/2003/03_08_16_pride_dk/Dscn2595.jpg,,Skal gennemgås
2003-08-16|Parade|Jeg gik med Dunst i paraden.,Jeg gik med Dunst i paraden.,19,./archive/legacy/200_calendar/2003/03_08_16_pride_dk/Dscn2598.jpg,,Skal gennemgås
2003-08-16|Parade|Jeg gik med Dunst i paraden.,Jeg gik med Dunst i paraden.,20,./archive/legacy/200_calendar/2003/03_08_16_pride_dk/Dscn2600.jpg,,Skal gennemgås
"2003-08-04|Optræden|Byfest, Nykøbing Falster.","Byfest, Nykøbing Falster.",1,./archive/legacy/200_calendar/2003/03_08_04_nykoebing_falster/17.jpg,,Skal gennemgås
"2003-08-04|Optræden|Byfest, Nykøbing Falster.","Byfest, Nykøbing Falster.",2,./archive/legacy/200_calendar/2003/03_08_04_nykoebing_falster/03_08_04_nykoebing_06.jpg,,Skal gennemgås
"2003-08-04|Optræden|Byfest, Nykøbing Falster.","Byfest, Nykøbing Falster.",3,./archive/legacy/200_calendar/2003/03_08_04_nykoebing_falster/03_08_04_nykoebing_01.jpg,,Skal gennemgås
"2003-08-01|Optræden|WigStockholm, Gaypride Fesival, Stockholm.","WigStockholm, Gaypride Fesival, Stockholm.",1,./archive/legacy/200_calendar/2003/03_08_01_wigstockholm/wigstockholm_dennis_01.jpg,,Skal gennemgås
"2003-08-01|Optræden|WigStockholm, Gaypride Fesival, Stockholm.","WigStockholm, Gaypride Fesival, Stockholm.",2,./archive/legacy/200_calendar/2003/03_08_01_wigstockholm/wig_02.jpg,,Skal gennemgås
"2003-08-01|Optræden|WigStockholm, Gaypride Fesival, Stockholm.","WigStockholm, Gaypride Fesival, Stockholm.",3,./archive/legacy/200_calendar/2003/03_08_01_wigstockholm/wig_04.jpg,,Skal gennemgås
"2003-08-01|Optræden|WigStockholm, Gaypride Fesival, Stockholm.","WigStockholm, Gaypride Fesival, Stockholm.",4,./archive/legacy/200_calendar/2003/03_08_01_wigstockholm/wig_dennis_01.jpg,,Skal gennemgås
"2003-08-01|Optræden|WigStockholm, Gaypride Fesival, Stockholm.","WigStockholm, Gaypride Fesival, Stockholm.",5,./archive/legacy/200_calendar/2003/03_08_01_wigstockholm/wig_01.jpg,,Skal gennemgås
"2003-08-01|Optræden|WigStockholm, Gaypride Fesival, Stockholm.","WigStockholm, Gaypride Fesival, Stockholm.",6,./archive/legacy/200_calendar/2003/03_08_01_wigstockholm/trappen_01.jpg,,Skal gennemgås
"2003-08-01|Optræden|WigStockholm, Gaypride Fesival, Stockholm.","WigStockholm, Gaypride Fesival, Stockholm.",7,./archive/legacy/200_calendar/2003/03_08_01_wigstockholm/wig_publikum_01.jpg,,Skal gennemgås
"2003-07-23|Optræden|Kunst i Dunst, Bøssehuset, Christiania, København","Kunst i Dunst, Bøssehuset, Christiania, København",1,./archive/legacy/200_calendar/2003/03_07_23_kunst_i_dunst/kunst_i_dunst_09.jpg,,Skal gennemgås
"2003-07-23|Kunst|Kunstudstilling, Kunst i Dunst, Ishuset, Christiania, København","Kunstudstilling, Kunst i Dunst, Ishuset, Christiania, København",1,./archive/legacy/200_calendar/2003/03_07_23_kunst_i_dunst/kunst_i_dunst_04b.jpg,,Skal gennemgås
"2003-07-23|Kunst|Kunstudstilling, Kunst i Dunst, Ishuset, Christiania, København","Kunstudstilling, Kunst i Dunst, Ishuset, Christiania, København",2,./archive/legacy/200_calendar/2003/03_07_23_kunst_i_dunst/kunst_i_dunst_04c.jpg,,Skal gennemgås
"2003-07-23|Kunst|Kunstudstilling, Kunst i Dunst, Ishuset, Christiania, København","Kunstudstilling, Kunst i Dunst, Ishuset, Christiania, København",3,./archive/legacy/200_calendar/2003/03_07_23_kunst_i_dunst/kunst_i_dunst_17.jpg,,Skal gennemgås
"2003-07-23|Kunst|Kunstudstilling, Kunst i Dunst, Ishuset, Christiania, København","Kunstudstilling, Kunst i Dunst, Ishuset, Christiania, København",4,./archive/legacy/200_calendar/2003/03_07_23_kunst_i_dunst/Image01_lille.jpg,,Skal gennemgås
"2003-07-23|Kunst|Kunstudstilling, Kunst i Dunst, Ishuset, Christiania, København","Kunstudstilling, Kunst i Dunst, Ishuset, Christiania, København",5,./archive/legacy/200_calendar/2003/03_07_23_kunst_i_dunst/Image02_lille.jpg,,Skal gennemgås
"2003-07-23|Kunst|Kunstudstilling, Kunst i Dunst, Ishuset, Christiania, København","Kunstudstilling, Kunst i Dunst, Ishuset, Christiania, København",6,./archive/legacy/200_calendar/2003/03_07_23_kunst_i_dunst/Image03_lille.jpg,,Skal gennemgås
"2003-07-23|Kunst|Kunstudstilling, Kunst i Dunst, Ishuset, Christiania, København","Kunstudstilling, Kunst i Dunst, Ishuset, Christiania, København",7,./archive/legacy/200_calendar/2003/03_07_23_kunst_i_dunst/Image04_lille.jpg,,Skal gennemgås
"2003-07-23|Kunst|Kunstudstilling, Kunst i Dunst, Ishuset, Christiania, København","Kunstudstilling, Kunst i Dunst, Ishuset, Christiania, København",8,./archive/legacy/200_calendar/2003/03_07_23_kunst_i_dunst/Image05_lille.jpg,,Skal gennemgås
"2003-07-23|Kunst|Kunstudstilling, Kunst i Dunst, Ishuset, Christiania, København","Kunstudstilling, Kunst i Dunst, Ishuset, Christiania, København",9,./archive/legacy/200_calendar/2003/03_07_23_kunst_i_dunst/Image06_lille.jpg,,Skal gennemgås
"2003-06-24|Optræden|Dunst-modeoptræden, Sankt Hans, Bøssehuset, Christiania, København.","Dunst-modeoptræden, Sankt Hans, Bøssehuset, Christiania, København.",1,./archive/legacy/200_calendar/2003/03_06_24_sankt_hans/2003_sankt_hans_01.jpg,,Skal gennemgås
"2003-06-24|Optræden|Dunst-modeoptræden, Sankt Hans, Bøssehuset, Christiania, København.","Dunst-modeoptræden, Sankt Hans, Bøssehuset, Christiania, København.",2,./archive/legacy/200_calendar/2003/03_06_24_sankt_hans/2003_sankt_hans_02.jpg,,Skal gennemgås
"2003-06-24|Optræden|Dunst-modeoptræden, Sankt Hans, Bøssehuset, Christiania, København.","Dunst-modeoptræden, Sankt Hans, Bøssehuset, Christiania, København.",3,./archive/legacy/200_calendar/2003/03_06_24_sankt_hans/2003_sankt_hans_03.jpg,,Skal gennemgås
"2003-06-24|Optræden|Dunst-modeoptræden, Sankt Hans, Bøssehuset, Christiania, København.","Dunst-modeoptræden, Sankt Hans, Bøssehuset, Christiania, København.",4,./archive/legacy/200_calendar/2003/03_06_24_sankt_hans/hairwerk_dennis_01.jpg,,Skal gennemgås
"2003-06-24|Optræden|Dunst-modeoptræden, Sankt Hans, Bøssehuset, Christiania, København.","Dunst-modeoptræden, Sankt Hans, Bøssehuset, Christiania, København.",5,./archive/legacy/200_calendar/2003/03_06_24_sankt_hans/hairwerk_dennis_02.jpg,,Skal gennemgås
"2003-06-24|Optræden|Dunst-modeoptræden, Sankt Hans, Bøssehuset, Christiania, København.","Dunst-modeoptræden, Sankt Hans, Bøssehuset, Christiania, København.",6,./archive/legacy/200_calendar/2003/03_06_24_sankt_hans/dennis_07.jpg,,Skal gennemgås
"2003-06-24|Optræden|Dunst-modeoptræden, Sankt Hans, Bøssehuset, Christiania, København.","Dunst-modeoptræden, Sankt Hans, Bøssehuset, Christiania, København.",7,./archive/legacy/200_calendar/2003/03_06_24_sankt_hans/sankt_hans_05.jpg,,Skal gennemgås
"2003-06-15|Optræden|Bevar Christiania # 1, Christiania, København.","Bevar Christiania # 1, Christiania, København.",1,./archive/legacy/200_calendar/2003/03_06_15_bevar_christiania/flyer_bevar_christiania.jpg,,Skal gennemgås
"2003-06-08|Liveoptræden|Helligånds Dunst fest, Bøssehuset, Christiania, København.","Helligånds Dunst fest, Bøssehuset, Christiania, København.",1,./archive/legacy/200_calendar/2003/03_06_08_pinsefest/pinse_01.jpg,,Skal gennemgås
"2003-06-08|Liveoptræden|Helligånds Dunst fest, Bøssehuset, Christiania, København.","Helligånds Dunst fest, Bøssehuset, Christiania, København.",2,./archive/legacy/200_calendar/2003/03_06_08_pinsefest/pinse_02.jpg,,Skal gennemgås
"2003-06-08|Liveoptræden|Helligånds Dunst fest, Bøssehuset, Christiania, København.","Helligånds Dunst fest, Bøssehuset, Christiania, København.",3,./archive/legacy/200_calendar/2003/03_06_08_pinsefest/pinse_03.jpg,,Skal gennemgås
"2003-06-08|Liveoptræden|Helligånds Dunst fest, Bøssehuset, Christiania, København.","Helligånds Dunst fest, Bøssehuset, Christiania, København.",4,./archive/legacy/200_calendar/2003/03_06_08_pinsefest/2003_06_08_pinse_05.jpg,,Skal gennemgås
"2003-06-08|Liveoptræden|Helligånds Dunst fest, Bøssehuset, Christiania, København.","Helligånds Dunst fest, Bøssehuset, Christiania, København.",5,./archive/legacy/200_calendar/2003/03_06_08_pinsefest/2003_06_08_pinse_01.jpg,,Skal gennemgås
"2003-06-08|Liveoptræden|Helligånds Dunst fest, Bøssehuset, Christiania, København.","Helligånds Dunst fest, Bøssehuset, Christiania, København.",6,./archive/legacy/200_calendar/2003/03_06_08_pinsefest/2003_06_08_pinse_02.jpg,,Skal gennemgås
"2003-06-08|Liveoptræden|Helligånds Dunst fest, Bøssehuset, Christiania, København.","Helligånds Dunst fest, Bøssehuset, Christiania, København.",7,./archive/legacy/200_calendar/2003/03_06_08_pinsefest/2003_06_08_pinse_04.jpg,,Skal gennemgås
"2003-06-08|Liveoptræden|Helligånds Dunst fest, Bøssehuset, Christiania, København.","Helligånds Dunst fest, Bøssehuset, Christiania, København.",8,./archive/legacy/200_calendar/2003/03_06_08_pinsefest/2003_06_08_pinse_08.jpg,,Skal gennemgås
"2003-06-08|Liveoptræden|Helligånds Dunst fest, Bøssehuset, Christiania, København.","Helligånds Dunst fest, Bøssehuset, Christiania, København.",9,./archive/legacy/200_calendar/2003/03_06_08_pinsefest/2003_06_08_flyer_pinse_d.gif,,Skal gennemgås
"2003-06-08|Liveoptræden|Helligånds Dunst fest, Bøssehuset, Christiania, København.","Helligånds Dunst fest, Bøssehuset, Christiania, København.",10,./archive/legacy/200_calendar/2003/03_06_08_pinsefest/2003_06_08_flyer_pinse_a.gif,,Skal gennemgås
"2003-06-05|Optræden|Thursday Itch # 3, København.","Thursday Itch # 3, København.",1,./archive/legacy/200_calendar/2003/03_06_05_thursday_itch_03/03_06_05_thursday_01.jpg,,Skal gennemgås
"2003-06-05|Optræden|Thursday Itch # 3, København.","Thursday Itch # 3, København.",2,./archive/legacy/200_calendar/2003/03_06_05_thursday_itch_03/03_06_05_thursday_02.jpg,,Skal gennemgås
"2003-06-05|Optræden|Thursday Itch # 3, København.","Thursday Itch # 3, København.",3,./archive/legacy/200_calendar/2003/03_06_05_thursday_itch_03/03_06_05_thursday_04.jpg,,Skal gennemgås
"2003-06-05|Optræden|Thursday Itch # 3, København.","Thursday Itch # 3, København.",4,./archive/legacy/200_calendar/2003/03_06_05_thursday_itch_03/03_06_05_thursday_03.jpg,,Skal gennemgås
"2003-05-29|Optræden|Eurogames, DGI-Byen, København.","Eurogames, DGI-Byen, København.",1,./archive/legacy/200_calendar/2003/03_05_29_eurogames/2003_05_29_eurogames_01.jpg,,Skal gennemgås
"2003-05-29|Optræden|Eurogames, DGI-Byen, København.","Eurogames, DGI-Byen, København.",2,./archive/legacy/200_calendar/2003/03_05_29_eurogames/dennis_bjarnepigen.jpg,,Skal gennemgås
"2003-05-29|Optræden|Eurogames, DGI-Byen, København.","Eurogames, DGI-Byen, København.",3,./archive/legacy/200_calendar/2003/03_05_29_eurogames/dennis_ramona_01.jpg,,Skal gennemgås
"2003-05-29|Optræden|Eurogames, DGI-Byen, København.","Eurogames, DGI-Byen, København.",4,./archive/legacy/200_calendar/2003/03_05_29_eurogames/2003_05_29_eurogames_02.jpg,,Skal gennemgås
"2003-05-29|Optræden|Eurogames, DGI-Byen, København.","Eurogames, DGI-Byen, København.",5,./archive/legacy/200_calendar/2003/03_05_29_eurogames/gruppe_02.jpg,,Skal gennemgås
"2003-05-29|Optræden|Eurogames, DGI-Byen, København.","Eurogames, DGI-Byen, København.",6,./archive/legacy/200_calendar/2003/03_05_29_eurogames/gruppe_01.jpg,,Skal gennemgås
"2003-05-23|Liveoptræden|Queeruption # 5, Berlin.","Queeruption # 5, Berlin.",1,./archive/legacy/200_calendar/2003/03_05_23_queeruption_berlin/2003_05_23_queerupti_01.jpg,,Skal gennemgås
"2003-05-23|Liveoptræden|Queeruption # 5, Berlin.","Queeruption # 5, Berlin.",2,./archive/legacy/200_calendar/2003/03_05_23_queeruption_berlin/2003_05_23_queerupti_02.jpg,,Skal gennemgås
"2003-05-23|Liveoptræden|Queeruption # 5, Berlin.","Queeruption # 5, Berlin.",3,./archive/legacy/200_calendar/2003/03_05_23_queeruption_berlin/2003_05_23_queerupti_03.jpg,,Skal gennemgås
"2003-05-23|Liveoptræden|Queeruption # 5, Berlin.","Queeruption # 5, Berlin.",4,./archive/legacy/200_calendar/2003/03_05_23_queeruption_berlin/2003_05_23_queerupti_04.jpg,,Skal gennemgås
"2003-05-23|Liveoptræden|Queeruption # 5, Berlin.","Queeruption # 5, Berlin.",5,./archive/legacy/200_calendar/2003/03_05_23_queeruption_berlin/2003_05_23_queerupti_05.jpg,,Skal gennemgås
"2003-05-23|Liveoptræden|Queeruption # 5, Berlin.","Queeruption # 5, Berlin.",6,./archive/legacy/200_calendar/2003/03_05_23_queeruption_berlin/2003_05_23_queerupti_06.jpg,,Skal gennemgås
"2003-05-23|Liveoptræden|Queeruption # 5, Berlin.","Queeruption # 5, Berlin.",7,./archive/legacy/200_calendar/2003/03_05_23_queeruption_berlin/2003_05_23_queerupti_07.jpg,,Skal gennemgås
"2003-05-23|Liveoptræden|Queeruption # 5, Berlin.","Queeruption # 5, Berlin.",8,./archive/legacy/200_calendar/2003/03_05_23_queeruption_berlin/2003_05_23_queerupti_08.jpg,,Skal gennemgås
"2003-05-23|Liveoptræden|Queeruption # 5, Berlin.","Queeruption # 5, Berlin.",9,./archive/legacy/200_calendar/2003/03_05_23_queeruption_berlin/2003_05_23_queerupti_09.jpg,,Skal gennemgås
"2003-05-23|Liveoptræden|Queeruption # 5, Berlin.","Queeruption # 5, Berlin.",10,./archive/legacy/200_calendar/2003/03_05_23_queeruption_berlin/queeruption_berlin_01.jpg,,Skal gennemgås
"2003-05-23|Liveoptræden|Queeruption # 5, Berlin.","Queeruption # 5, Berlin.",11,./archive/legacy/200_calendar/2003/03_05_23_queeruption_berlin/flyer.jpg,,Skal gennemgås
"2003-04-26|Liveoptræden|Primate Nite, Dunst fest, Ungdomshuset, København.","Primate Nite, Dunst fest, Ungdomshuset, København.",1,./archive/legacy/200_calendar/2003/03_04_26_primate_nite/primate_dennis_01.jpg,,Skal gennemgås
"2003-04-26|Liveoptræden|Primate Nite, Dunst fest, Ungdomshuset, København.","Primate Nite, Dunst fest, Ungdomshuset, København.",2,./archive/legacy/200_calendar/2003/03_04_26_primate_nite/2003_04_26_flyer_primate.gif,,Skal gennemgås
"2003-04-26|Liveoptræden|Primate Nite, Dunst fest, Ungdomshuset, København.","Primate Nite, Dunst fest, Ungdomshuset, København.",3,./archive/legacy/200_calendar/2003/03_04_26_primate_nite/2003_04_26_flyer_primate_02.gif,,Skal gennemgås
"2003-04-04|Liveoptræden|Bacement - Café Rust, København.","Bacement - Café Rust, København.",1,./archive/legacy/200_calendar/2003/03_04_04_cafe_rust/2003_04_04_cafe_rust_01.jpg,,Skal gennemgås
"2003-04-04|Liveoptræden|Bacement - Café Rust, København.","Bacement - Café Rust, København.",2,./archive/legacy/200_calendar/2003/03_04_04_cafe_rust/2003_04_04_cafe_rust_02.jpg,,Skal gennemgås
"2003-04-04|Liveoptræden|Bacement - Café Rust, København.","Bacement - Café Rust, København.",3,./archive/legacy/200_calendar/2003/03_04_04_cafe_rust/2003_04_04_cafe_rust_03.jpg,,Skal gennemgås
"2003-04-04|Liveoptræden|Bacement - Café Rust, København.","Bacement - Café Rust, København.",4,./archive/legacy/200_calendar/2003/03_04_04_cafe_rust/2003_04_04_cafe_rust_04.jpg,,Skal gennemgås
"2003-03-22|Optræden|Robbery Dunst fest, Bøssehuset, Christiania, København.","Robbery Dunst fest, Bøssehuset, Christiania, København.",1,./archive/legacy/200_calendar/2003/03_03_22_robbery/2003_03_22_robbery_01.jpg,,Skal gennemgås
"2003-03-22|Optræden|Robbery Dunst fest, Bøssehuset, Christiania, København.","Robbery Dunst fest, Bøssehuset, Christiania, København.",2,./archive/legacy/200_calendar/2003/03_03_22_robbery/2003_03_22_robbery_02.jpg,,Skal gennemgås
"2003-03-22|Optræden|Robbery Dunst fest, Bøssehuset, Christiania, København.","Robbery Dunst fest, Bøssehuset, Christiania, København.",3,./archive/legacy/200_calendar/2003/03_03_22_robbery/2003_03_22_robbery_06.jpg,,Skal gennemgås
"2003-03-22|Optræden|Robbery Dunst fest, Bøssehuset, Christiania, København.","Robbery Dunst fest, Bøssehuset, Christiania, København.",4,./archive/legacy/200_calendar/2003/03_03_22_robbery/2003_03_22_robbery_05.jpg,,Skal gennemgås
"2003-03-22|Optræden|Robbery Dunst fest, Bøssehuset, Christiania, København.","Robbery Dunst fest, Bøssehuset, Christiania, København.",5,./archive/legacy/200_calendar/2003/03_03_22_robbery/2003_03_22_robbery_03.jpg,,Skal gennemgås
"2003-03-22|Optræden|Robbery Dunst fest, Bøssehuset, Christiania, København.","Robbery Dunst fest, Bøssehuset, Christiania, København.",6,./archive/legacy/200_calendar/2003/03_03_22_robbery/2003_03_22_robbery_04.jpg,,Skal gennemgås
"2003-03-22|Optræden|Robbery Dunst fest, Bøssehuset, Christiania, København.","Robbery Dunst fest, Bøssehuset, Christiania, København.",7,./archive/legacy/200_calendar/2003/03_03_22_robbery/2003_03_22_flyer_robbery.gif,,Skal gennemgås
"2003-02-22|Liveoptræden|Dunst & Arty Farty, Avantgarde Gay Cabaret, Operaen, Christiania, København.","Dunst & Arty Farty, Avantgarde Gay Cabaret, Operaen, Christiania, København.",1,./archive/legacy/200_calendar/2003/03_02_22_arty_farty/2003_02_22_arty_farty_10.jpg,,Skal gennemgås
"2003-02-22|Liveoptræden|Dunst & Arty Farty, Avantgarde Gay Cabaret, Operaen, Christiania, København.","Dunst & Arty Farty, Avantgarde Gay Cabaret, Operaen, Christiania, København.",2,./archive/legacy/200_calendar/2003/03_02_22_arty_farty/2003_02_22_arty_farty_07.jpg,,Skal gennemgås
"2003-02-22|Liveoptræden|Dunst & Arty Farty, Avantgarde Gay Cabaret, Operaen, Christiania, København.","Dunst & Arty Farty, Avantgarde Gay Cabaret, Operaen, Christiania, København.",3,./archive/legacy/200_calendar/2003/03_02_22_arty_farty/2003_02_22_arty_farty_09.jpg,,Skal gennemgås
"2003-02-22|Liveoptræden|Dunst & Arty Farty, Avantgarde Gay Cabaret, Operaen, Christiania, København.","Dunst & Arty Farty, Avantgarde Gay Cabaret, Operaen, Christiania, København.",4,./archive/legacy/200_calendar/2003/03_02_22_arty_farty/2003_02_22_arty_farty_08.jpg,,Skal gennemgås
"2003-02-22|Liveoptræden|Dunst & Arty Farty, Avantgarde Gay Cabaret, Operaen, Christiania, København.","Dunst & Arty Farty, Avantgarde Gay Cabaret, Operaen, Christiania, København.",5,./archive/legacy/200_calendar/2003/03_02_22_arty_farty/2003_02_22_arty_farty_12.jpg,,Skal gennemgås
"2003-02-22|Liveoptræden|Dunst & Arty Farty, Avantgarde Gay Cabaret, Operaen, Christiania, København.","Dunst & Arty Farty, Avantgarde Gay Cabaret, Operaen, Christiania, København.",6,./archive/legacy/200_calendar/2003/03_02_22_arty_farty/2003_02_22_arty_farty_11.jpg,,Skal gennemgås
"2003-02-22|Liveoptræden|Dunst & Arty Farty, Avantgarde Gay Cabaret, Operaen, Christiania, København.","Dunst & Arty Farty, Avantgarde Gay Cabaret, Operaen, Christiania, København.",7,./archive/legacy/200_calendar/2003/03_02_22_arty_farty/2003_02_22_arty_farty_17.jpg,,Skal gennemgås
"2003-02-22|Liveoptræden|Dunst & Arty Farty, Avantgarde Gay Cabaret, Operaen, Christiania, København.","Dunst & Arty Farty, Avantgarde Gay Cabaret, Operaen, Christiania, København.",8,./archive/legacy/200_calendar/2003/03_02_22_arty_farty/2003_02_22_arty_farty_16.jpg,,Skal gennemgås
"2003-02-22|Liveoptræden|Dunst & Arty Farty, Avantgarde Gay Cabaret, Operaen, Christiania, København.","Dunst & Arty Farty, Avantgarde Gay Cabaret, Operaen, Christiania, København.",9,./archive/legacy/200_calendar/2003/03_02_22_arty_farty/2003_02_22_arty_farty_15.jpg,,Skal gennemgås
"2003-02-22|Liveoptræden|Dunst & Arty Farty, Avantgarde Gay Cabaret, Operaen, Christiania, København.","Dunst & Arty Farty, Avantgarde Gay Cabaret, Operaen, Christiania, København.",10,./archive/legacy/200_calendar/2003/03_02_22_arty_farty/2003_02_22_arty_farty_13.jpg,,Skal gennemgås
"2003-02-22|Liveoptræden|Dunst & Arty Farty, Avantgarde Gay Cabaret, Operaen, Christiania, København.","Dunst & Arty Farty, Avantgarde Gay Cabaret, Operaen, Christiania, København.",11,./archive/legacy/200_calendar/2003/03_02_22_arty_farty/2003_02_22_arty_farty_03.jpg,,Skal gennemgås
"2003-02-22|Liveoptræden|Dunst & Arty Farty, Avantgarde Gay Cabaret, Operaen, Christiania, København.","Dunst & Arty Farty, Avantgarde Gay Cabaret, Operaen, Christiania, København.",12,./archive/legacy/200_calendar/2003/03_02_22_arty_farty/2003_02_22_arty_farty_02.jpg,,Skal gennemgås
"2003-02-22|Liveoptræden|Dunst & Arty Farty, Avantgarde Gay Cabaret, Operaen, Christiania, København.","Dunst & Arty Farty, Avantgarde Gay Cabaret, Operaen, Christiania, København.",13,./archive/legacy/200_calendar/2003/03_02_22_arty_farty/2003_02_22_arty_farty_01.jpg,,Skal gennemgås
"2003-02-22|Liveoptræden|Dunst & Arty Farty, Avantgarde Gay Cabaret, Operaen, Christiania, København.","Dunst & Arty Farty, Avantgarde Gay Cabaret, Operaen, Christiania, København.",14,./archive/legacy/200_calendar/2003/03_02_22_arty_farty/2003_02_22_flyer_fest_08.gif,,Skal gennemgås
"2003-02-08|Happening|Reklame for Dunst-festen Arty Farty, Café Oscar, København.","Reklame for Dunst-festen Arty Farty, Café Oscar, København.",1,./archive/legacy/200_calendar/2003/03_02_08_oscar/dunstoscar 032.jpg,,Skal gennemgås
"2003-02-08|Happening|Reklame for Dunst-festen Arty Farty, Café Oscar, København.","Reklame for Dunst-festen Arty Farty, Café Oscar, København.",2,./archive/legacy/200_calendar/2003/03_02_08_oscar/dunstoscar 033.jpg,,Skal gennemgås
"2003-02-08|Happening|Reklame for Dunst-festen Arty Farty, Café Oscar, København.","Reklame for Dunst-festen Arty Farty, Café Oscar, København.",3,./archive/legacy/200_calendar/2003/03_02_08_oscar/dunstoscar 036.jpg,,Skal gennemgås
"2003-02-08|Happening|Reklame for Dunst-festen Arty Farty, Café Oscar, København.","Reklame for Dunst-festen Arty Farty, Café Oscar, København.",4,./archive/legacy/200_calendar/2003/03_02_08_oscar/dunstoscar 037.jpg,,Skal gennemgås
"2003-02-08|Happening|Reklame for Dunst-festen Arty Farty, Café Oscar, København.","Reklame for Dunst-festen Arty Farty, Café Oscar, København.",5,./archive/legacy/200_calendar/2003/03_02_08_oscar/dunstoscar 038.jpg,,Skal gennemgås
"2003-02-08|Happening|Reklame for Dunst-festen Arty Farty, Café Oscar, København.","Reklame for Dunst-festen Arty Farty, Café Oscar, København.",6,./archive/legacy/200_calendar/2003/03_02_08_oscar/dunstoscar 055.jpg,,Skal gennemgås
"2003-02-08|Happening|Reklame for Dunst-festen Arty Farty, Café Oscar, København.","Reklame for Dunst-festen Arty Farty, Café Oscar, København.",7,./archive/legacy/200_calendar/2003/03_02_08_oscar/dunstoscar 056.jpg,,Skal gennemgås
"2003-02-08|Happening|Reklame for Dunst-festen Arty Farty, Café Oscar, København.","Reklame for Dunst-festen Arty Farty, Café Oscar, København.",8,./archive/legacy/200_calendar/2003/03_02_08_oscar/dunstoscar 057.jpg,,Skal gennemgås
"2003-02-08|Happening|Reklame for Dunst-festen Arty Farty, Café Oscar, København.","Reklame for Dunst-festen Arty Farty, Café Oscar, København.",9,./archive/legacy/200_calendar/2003/03_02_08_oscar/dunstoscar 058.jpg,,Skal gennemgås
"2003-02-08|Happening|Reklame for Dunst-festen Arty Farty, Café Oscar, København.","Reklame for Dunst-festen Arty Farty, Café Oscar, København.",10,./archive/legacy/200_calendar/2003/03_02_08_oscar/dunstoscar 059.jpg,,Skal gennemgås
"2003-02-08|Happening|Reklame for Dunst-festen Arty Farty, Café Oscar, København.","Reklame for Dunst-festen Arty Farty, Café Oscar, København.",11,./archive/legacy/200_calendar/2003/03_02_08_oscar/Image01.jpg,,Skal gennemgås
"2003-01-12|Happening|Dag 4, Skiferie, Åre, Sverige.","Dag 4, Skiferie, Åre, Sverige.",1,./archive/legacy/200_calendar/2003/03_01_12_ski_ore/ski_swim_01.jpg,,Skal gennemgås
"2003-01-12|Happening|Dag 4, Skiferie, Åre, Sverige.","Dag 4, Skiferie, Åre, Sverige.",2,./archive/legacy/200_calendar/2003/03_01_12_ski_ore/ski_swim_02.jpg,,Skal gennemgås
"2003-01-12|Happening|Dag 4, Skiferie, Åre, Sverige.","Dag 4, Skiferie, Åre, Sverige.",3,./archive/legacy/200_calendar/2003/03_01_12_ski_ore/ski_swim_03.jpg,,Skal gennemgås
"2003-01-12|Happening|Dag 4, Skiferie, Åre, Sverige.","Dag 4, Skiferie, Åre, Sverige.",4,./archive/legacy/200_calendar/2003/03_01_12_ski_ore/ski_swim_04.jpg,,Skal gennemgås
"2003-01-12|Happening|Dag 4, Skiferie, Åre, Sverige.","Dag 4, Skiferie, Åre, Sverige.",5,./archive/legacy/200_calendar/2003/03_01_12_ski_ore/ski_swim_05.jpg,,Skal gennemgås
"2003-01-11|Happening|Dag 3, Skiferie, Åre, Sverige.","Dag 3, Skiferie, Åre, Sverige.",1,./archive/legacy/200_calendar/2003/03_01_11_ski_ore/ski_scooter_02.jpg,,Skal gennemgås
"2003-01-11|Happening|Dag 3, Skiferie, Åre, Sverige.","Dag 3, Skiferie, Åre, Sverige.",2,./archive/legacy/200_calendar/2003/03_01_11_ski_ore/ski_scooter_03.jpg,,Skal gennemgås
"2003-01-11|Happening|Dag 3, Skiferie, Åre, Sverige.","Dag 3, Skiferie, Åre, Sverige.",3,./archive/legacy/200_calendar/2003/03_01_11_ski_ore/ski_scooter_05.jpg,,Skal gennemgås
"2003-01-11|Happening|Dag 3, Skiferie, Åre, Sverige.","Dag 3, Skiferie, Åre, Sverige.",4,./archive/legacy/200_calendar/2003/03_01_11_ski_ore/ski_scooter_07.jpg,,Skal gennemgås
"2003-01-11|Happening|Dag 3, Skiferie, Åre, Sverige.","Dag 3, Skiferie, Åre, Sverige.",5,./archive/legacy/200_calendar/2003/03_01_11_ski_ore/ski_scooter_01.jpg,,Skal gennemgås
"2003-01-11|Happening|Dag 3, Skiferie, Åre, Sverige.","Dag 3, Skiferie, Åre, Sverige.",6,./archive/legacy/200_calendar/2003/03_01_11_ski_ore/ski_scooter_08.jpg,,Skal gennemgås
"2003-01-11|Happening|Dag 3, Skiferie, Åre, Sverige.","Dag 3, Skiferie, Åre, Sverige.",7,./archive/legacy/200_calendar/2003/03_01_11_ski_ore/ski_fest_01.jpg,,Skal gennemgås
"2003-01-11|Happening|Dag 3, Skiferie, Åre, Sverige.","Dag 3, Skiferie, Åre, Sverige.",8,./archive/legacy/200_calendar/2003/03_01_11_ski_ore/ski_fest_05.jpg,,Skal gennemgås
"2003-01-11|Happening|Dag 3, Skiferie, Åre, Sverige.","Dag 3, Skiferie, Åre, Sverige.",9,./archive/legacy/200_calendar/2003/03_01_11_ski_ore/ski_fest_03.jpg,,Skal gennemgås
"2003-01-11|Happening|Dag 3, Skiferie, Åre, Sverige.","Dag 3, Skiferie, Åre, Sverige.",10,./archive/legacy/200_calendar/2003/03_01_11_ski_ore/ski_fest_02.jpg,,Skal gennemgås
"2003-01-11|Happening|Dag 3, Skiferie, Åre, Sverige.","Dag 3, Skiferie, Åre, Sverige.",11,./archive/legacy/200_calendar/2003/03_01_11_ski_ore/ski_fest_06.jpg,,Skal gennemgås
"2003-01-10|Happening|Dag 2, Skiferie, Åre, Sverige.","Dag 2, Skiferie, Åre, Sverige.",1,./archive/legacy/200_calendar/2003/03_01_10_ski_ore/ski_01.jpg,,Skal gennemgås
"2003-01-10|Happening|Dag 2, Skiferie, Åre, Sverige.","Dag 2, Skiferie, Åre, Sverige.",2,./archive/legacy/200_calendar/2003/03_01_10_ski_ore/ski_02.jpg,,Skal gennemgås
"2003-01-10|Happening|Dag 2, Skiferie, Åre, Sverige.","Dag 2, Skiferie, Åre, Sverige.",3,./archive/legacy/200_calendar/2003/03_01_10_ski_ore/ski_03.jpg,,Skal gennemgås
"2003-01-10|Happening|Dag 2, Skiferie, Åre, Sverige.","Dag 2, Skiferie, Åre, Sverige.",4,./archive/legacy/200_calendar/2003/03_01_10_ski_ore/ski_08.jpg,,Skal gennemgås
"2003-01-10|Happening|Dag 2, Skiferie, Åre, Sverige.","Dag 2, Skiferie, Åre, Sverige.",5,./archive/legacy/200_calendar/2003/03_01_10_ski_ore/ski_casino_01.jpg,,Skal gennemgås
"2003-01-10|Happening|Dag 2, Skiferie, Åre, Sverige.","Dag 2, Skiferie, Åre, Sverige.",6,./archive/legacy/200_calendar/2003/03_01_10_ski_ore/ski_casino_02.jpg,,Skal gennemgås
"2003-01-10|Happening|Dag 2, Skiferie, Åre, Sverige.","Dag 2, Skiferie, Åre, Sverige.",7,./archive/legacy/200_calendar/2003/03_01_10_ski_ore/ski_casino_13.jpg,,Skal gennemgås
"2003-01-10|Happening|Dag 2, Skiferie, Åre, Sverige.","Dag 2, Skiferie, Åre, Sverige.",8,./archive/legacy/200_calendar/2003/03_01_10_ski_ore/ski_casino_05.jpg,,Skal gennemgås
"2003-01-10|Happening|Dag 2, Skiferie, Åre, Sverige.","Dag 2, Skiferie, Åre, Sverige.",9,./archive/legacy/200_calendar/2003/03_01_10_ski_ore/ski_casino_14.jpg,,Skal gennemgås
"2003-01-09|Happening|Dag 1, Skiferie, Åre, Sverige.","Dag 1, Skiferie, Åre, Sverige.",1,./archive/legacy/200_calendar/2003/03_01_09_ski_ore/ski_tog_03.jpg,,Skal gennemgås
"2003-01-09|Happening|Dag 1, Skiferie, Åre, Sverige.","Dag 1, Skiferie, Åre, Sverige.",2,./archive/legacy/200_calendar/2003/03_01_09_ski_ore/ski_tog_05.jpg,,Skal gennemgås
"2003-01-09|Happening|Dag 1, Skiferie, Åre, Sverige.","Dag 1, Skiferie, Åre, Sverige.",3,./archive/legacy/200_calendar/2003/03_01_09_ski_ore/ski_tog_02.jpg,,Skal gennemgås
"2003-01-09|Happening|Dag 1, Skiferie, Åre, Sverige.","Dag 1, Skiferie, Åre, Sverige.",4,./archive/legacy/200_calendar/2003/03_01_09_ski_ore/ski_hotel_05.jpg,,Skal gennemgås
"2003-01-09|Happening|Dag 1, Skiferie, Åre, Sverige.","Dag 1, Skiferie, Åre, Sverige.",5,./archive/legacy/200_calendar/2003/03_01_09_ski_ore/ski_hotel_06.jpg,,Skal gennemgås
"2002-12-31|Liveoptræden|Dunst Nytårsfest, Bøssehuset, Christiania, København.","Dunst Nytårsfest, Bøssehuset, Christiania, København.",1,./archive/timeline/combined/B26-2002_12_31_newyear.png,,Skal gennemgås
"2002-12-31|Liveoptræden|Dunst Nytårsfest, Bøssehuset, Christiania, København.","Dunst Nytårsfest, Bøssehuset, Christiania, København.",2,./archive/legacy/200_calendar/2002/02_12_31_nytaar/2002_12_31_newyear_03.jpg,,Skal gennemgås
"2002-12-31|Liveoptræden|Dunst Nytårsfest, Bøssehuset, Christiania, København.","Dunst Nytårsfest, Bøssehuset, Christiania, København.",3,./archive/legacy/200_calendar/2002/02_12_31_nytaar/2002_12_31_newyear_02.jpg,,Skal gennemgås
"2002-12-31|Liveoptræden|Dunst Nytårsfest, Bøssehuset, Christiania, København.","Dunst Nytårsfest, Bøssehuset, Christiania, København.",4,./archive/legacy/200_calendar/2002/02_12_31_nytaar/2002_12_31_newyear_04.gif,,Skal gennemgås
"2002-12-31|Liveoptræden|Dunst Nytårsfest, Bøssehuset, Christiania, København.","Dunst Nytårsfest, Bøssehuset, Christiania, København.",5,./archive/legacy/200_calendar/2002/02_12_31_nytaar/2002_12_31_flyer_nytaar_01.jpg,,Skal gennemgås
"2002-12-20|Optræden|Grrr-It præsenterer et Spetakel, Kafe Knud, København.","Grrr-It præsenterer et Spetakel, Kafe Knud, København.",1,./archive/legacy/200_calendar/2002/02_12_20_grrit_spektakel/2002_12_20_grr-itt_02.jpg,,Skal gennemgås
"2002-12-20|Optræden|Grrr-It præsenterer et Spetakel, Kafe Knud, København.","Grrr-It præsenterer et Spetakel, Kafe Knud, København.",2,./archive/legacy/200_calendar/2002/02_12_20_grrit_spektakel/2002_12_20_grr-itt_03.jpg,,Skal gennemgås
"2002-12-20|Optræden|Grrr-It præsenterer et Spetakel, Kafe Knud, København.","Grrr-It præsenterer et Spetakel, Kafe Knud, København.",3,./archive/timeline/combined/B24-2002_12_20_grr-itt.png,,Skal gennemgås
"2002-12-20|Optræden|Grrr-It præsenterer et Spetakel, Kafe Knud, København.","Grrr-It præsenterer et Spetakel, Kafe Knud, København.",4,./archive/legacy/200_calendar/2002/02_12_20_grrit_spektakel/2002_12_20_grr-itt_05.jpg,,Skal gennemgås
"2002-12-20|Optræden|Grrr-It præsenterer et Spetakel, Kafe Knud, København.","Grrr-It præsenterer et Spetakel, Kafe Knud, København.",5,./archive/legacy/200_calendar/2002/02_12_20_grrit_spektakel/2002_12_20_grr-itt_01.jpg,,Skal gennemgås
"2002-12-20|Optræden|Grrr-It præsenterer et Spetakel, Kafe Knud, København.","Grrr-It præsenterer et Spetakel, Kafe Knud, København.",6,./archive/timeline/combined/B25-2002_12_20_flyer_grr-itt.png,,Skal gennemgås
"2002-12-14|Installation|Sexy Sound Installation, H.C. Ørstedsparken, København.","Sexy Sound Installation, H.C. Ørstedsparken, København.",1,./archive/legacy/200_calendar/2002/02_12_14_fuck_around/2002_12_14_flyer_fuck.jpg,,Skal gennemgås
"2002-12-01|Liveoptræden|Verdens aidsdag, Kafe Knud, København.","Verdens aidsdag, Kafe Knud, København.",1,./archive/legacy/200_calendar/2002/02_12_01_world_aids_day/2002_12_01_aidsday_01.jpg,,Skal gennemgås
"2002-12-01|Liveoptræden|Verdens aidsdag, Kafe Knud, København.","Verdens aidsdag, Kafe Knud, København.",2,./archive/legacy/200_calendar/2002/02_12_01_world_aids_day/2002_12_01_aidsday_02.jpg,,Skal gennemgås
"2002-12-01|Liveoptræden|Verdens aidsdag, Kafe Knud, København.","Verdens aidsdag, Kafe Knud, København.",3,./archive/legacy/200_calendar/2002/02_12_01_world_aids_day/2002_12_01_aidsday_03.jpg,,Skal gennemgås
"2002-12-01|Liveoptræden|Verdens aidsdag, Kafe Knud, København.","Verdens aidsdag, Kafe Knud, København.",4,./archive/legacy/200_calendar/2002/02_12_01_world_aids_day/2002_12_01_aidsday_04.jpg,,Skal gennemgås
"2002-11-16|Liveoptræden|LeFreak Dunst fest, Ungdomshuset, København.","LeFreak Dunst fest, Ungdomshuset, København.",1,./archive/legacy/200_calendar/2002/02_11_16_lefreak/02_11_16_tissemand_01.jpg,,Skal gennemgås
"2002-11-16|Liveoptræden|LeFreak Dunst fest, Ungdomshuset, København.","LeFreak Dunst fest, Ungdomshuset, København.",2,./archive/legacy/200_calendar/2002/02_11_16_lefreak/lefreak_dennis_03.jpg,,Skal gennemgås
"2002-11-16|Liveoptræden|LeFreak Dunst fest, Ungdomshuset, København.","LeFreak Dunst fest, Ungdomshuset, København.",3,./archive/legacy/200_calendar/2002/02_11_16_lefreak/dennis_agerblad_01.jpg,,Skal gennemgås
"2002-11-16|Liveoptræden|LeFreak Dunst fest, Ungdomshuset, København.","LeFreak Dunst fest, Ungdomshuset, København.",4,./archive/legacy/200_calendar/2002/02_11_16_lefreak/02_11_16_tissemand_03.jpg,,Skal gennemgås
"2002-11-16|Liveoptræden|LeFreak Dunst fest, Ungdomshuset, København.","LeFreak Dunst fest, Ungdomshuset, København.",5,./archive/legacy/200_calendar/2002/02_11_16_lefreak/02_11_16_tissemand_04.jpg,,Skal gennemgås
"2002-11-16|Liveoptræden|LeFreak Dunst fest, Ungdomshuset, København.","LeFreak Dunst fest, Ungdomshuset, København.",6,./archive/legacy/200_calendar/2002/02_11_16_lefreak/02_11_16_tissemand_06.jpg,,Skal gennemgås
"2002-11-16|Liveoptræden|LeFreak Dunst fest, Ungdomshuset, København.","LeFreak Dunst fest, Ungdomshuset, København.",7,./archive/legacy/200_calendar/2002/02_11_16_lefreak/lefreak_ramona_dennis.jpg,,Skal gennemgås
"2002-11-16|Liveoptræden|LeFreak Dunst fest, Ungdomshuset, København.","LeFreak Dunst fest, Ungdomshuset, København.",8,./archive/legacy/200_calendar/2002/02_11_16_lefreak/flyer_fest_06.jpg,,Skal gennemgås
"2002-11-16|Liveoptræden|LeFreak Dunst fest, Ungdomshuset, København.","LeFreak Dunst fest, Ungdomshuset, København.",9,./archive/legacy/200_calendar/2002/02_11_16_lefreak/flyer_fest_06_back.jpg,,Skal gennemgås
"2002-11-16|Liveoptræden|LeFreak Dunst fest, Ungdomshuset, København.","LeFreak Dunst fest, Ungdomshuset, København.",10,./archive/legacy/200_calendar/2002/02_11_16_lefreak/the_singing_assholes_01.jpg,,Skal gennemgås
"2002-11-16|Liveoptræden|LeFreak Dunst fest, Ungdomshuset, København.","LeFreak Dunst fest, Ungdomshuset, København.",11,./archive/timeline/combined/B39-2002_11_16_freakshow.png,,Skal gennemgås
"2002-11-09|Happening|Dunst-happening, Café Heaven, København","Dunst-happening, Café Heaven, København",1,./archive/legacy/200_calendar/2002/02_11_09_for_fest/2002_11_09_fest_04.jpg,,Skal gennemgås
"2002-11-09|Happening|Dunst-happening, Café Heaven, København","Dunst-happening, Café Heaven, København",2,./archive/legacy/200_calendar/2002/02_11_09_for_fest/2002_11_09_fest_06.jpg,,Skal gennemgås
"2002-11-09|Happening|Dunst-happening, Café Heaven, København","Dunst-happening, Café Heaven, København",3,./archive/legacy/200_calendar/2002/02_11_09_for_fest/2002_11_09_fest_05.jpg,,Skal gennemgås
"2002-11-09|Happening|Dunst-happening, Café Heaven, København","Dunst-happening, Café Heaven, København",4,./archive/legacy/200_calendar/2002/02_11_09_for_fest/2002_11_09_fest_02.jpg,,Skal gennemgås
"2002-11-09|Happening|Dunst-happening, Café Heaven, København","Dunst-happening, Café Heaven, København",5,./archive/legacy/200_calendar/2002/02_11_09_for_fest/2002_11_09_fest_03.jpg,,Skal gennemgås
"2002-10-19|Optræden|Filmfestivalen i Cinemateket, København","Filmfestivalen i Cinemateket, København",1,./archive/timeline/combined/B21-2002_10_19_filmfestival.png,,Skal gennemgås
"2002-10-19|Optræden|Filmfestivalen i Cinemateket, København","Filmfestivalen i Cinemateket, København",2,./archive/timeline/combined/B38-2002_10_19_filmfestival.png,,Skal gennemgås
"2002-10-19|Optræden|Filmfestivalen i Cinemateket, København","Filmfestivalen i Cinemateket, København",3,./archive/legacy/200_calendar/2002/02_10_19_filmfestival/2002_10_19_filmfestival_03.jpg,,Skal gennemgås
"2002-10-19|Optræden|Filmfestivalen i Cinemateket, København","Filmfestivalen i Cinemateket, København",4,./archive/legacy/200_calendar/2002/02_10_19_filmfestival/2002_10_19_filmfestival_04.jpg,,Skal gennemgås
"2002-10-19|Optræden|Filmfestivalen i Cinemateket, København","Filmfestivalen i Cinemateket, København",5,./archive/legacy/200_calendar/2002/02_10_19_filmfestival/2002_10_19_filmfestival_05.jpg,,Skal gennemgås
"2002-10-19|Optræden|Filmfestivalen i Cinemateket, København","Filmfestivalen i Cinemateket, København",6,./archive/legacy/200_calendar/2002/02_10_19_filmfestival/2002_10_19_filmfestival_06.jpg,,Skal gennemgås
"2002-10-19|Optræden|Filmfestivalen i Cinemateket, København","Filmfestivalen i Cinemateket, København",7,./archive/legacy/200_calendar/2002/02_10_19_filmfestival/2002_10_19_flyer_filmfestival.gif,,Skal gennemgås
"2002-10-19|Optræden|Filmfestivalen i Cinemateket, København","Filmfestivalen i Cinemateket, København",8,./archive/legacy/200_calendar/2002/02_10_19_filmfestival/gruppe_01.jpg,,Skal gennemgås
"2002-10-19|Optræden|Filmfestivalen i Cinemateket, København","Filmfestivalen i Cinemateket, København",9,./archive/legacy/200_calendar/2002/02_10_19_filmfestival/gruppe_02.jpg,,Skal gennemgås
"2002-10-19|Optræden|Filmfestivalen i Cinemateket, København","Filmfestivalen i Cinemateket, København",10,./archive/legacy/200_calendar/2002/02_10_19_filmfestival/gruppe_03.jpg,,Skal gennemgås
"2002-10-11|Optræden|Electical Records Åbning, København.","Electical Records Åbning, København.",1,./archive/timeline/combined/B17-2002_10_11_electical.png,,Skal gennemgås
"2002-10-11|Optræden|Electical Records Åbning, København.","Electical Records Åbning, København.",2,./archive/legacy/200_calendar/2002/02_09_11_electrical_record_opening/2002_10_11_electical_02.jpg,,Skal gennemgås
"2002-10-11|Optræden|Electical Records Åbning, København.","Electical Records Åbning, København.",3,./archive/timeline/combined/B18-2002_10_11_electical.png,,Skal gennemgås
"2002-10-11|Liveoptræden|Kulturnat, Kafé Knud, København.","Kulturnat, Kafé Knud, København.",1,./archive/legacy/200_calendar/2002/02_10_11_kulturnatten/2002_10_11_kulturnat_01.jpg,,Skal gennemgås
"2002-10-11|Liveoptræden|Kulturnat, Kafé Knud, København.","Kulturnat, Kafé Knud, København.",2,./archive/legacy/200_calendar/2002/02_10_11_kulturnatten/2002_10_11_kulturnat_02.jpg,,Skal gennemgås
"2002-10-11|Liveoptræden|Kulturnat, Kafé Knud, København.","Kulturnat, Kafé Knud, København.",3,./archive/timeline/combined/B20-2002_10_11_kulturnat.png,,Skal gennemgås
"2002-10-11|Liveoptræden|Kulturnat, Kafé Knud, København.","Kulturnat, Kafé Knud, København.",4,./archive/legacy/200_calendar/2002/02_10_11_kulturnatten/2002_10_11_kulturnat_04.jpg,,Skal gennemgås
"2002-09-14|Optræden|Electro, Dunst fest, Sommerstedgade, Christiania, København.","Electro, Dunst fest, Sommerstedgade, Christiania, København.",1,./archive/legacy/200_calendar/2002/02_09_14_electro_i_dunst/2002_09_14_dunst_01.jpg,,Skal gennemgås
"2002-09-14|Optræden|Electro, Dunst fest, Sommerstedgade, Christiania, København.","Electro, Dunst fest, Sommerstedgade, Christiania, København.",2,./archive/legacy/200_calendar/2002/02_09_14_electro_i_dunst/elektro_01.jpg,,Skal gennemgås
"2002-09-14|Optræden|Electro, Dunst fest, Sommerstedgade, Christiania, København.","Electro, Dunst fest, Sommerstedgade, Christiania, København.",3,./archive/legacy/200_calendar/2002/02_09_14_electro_i_dunst/elektro_03.jpg,,Skal gennemgås
"2002-09-14|Optræden|Electro, Dunst fest, Sommerstedgade, Christiania, København.","Electro, Dunst fest, Sommerstedgade, Christiania, København.",4,./archive/legacy/200_calendar/2002/02_09_14_electro_i_dunst/elektro_04.jpg,,Skal gennemgås
"2002-09-14|Optræden|Electro, Dunst fest, Sommerstedgade, Christiania, København.","Electro, Dunst fest, Sommerstedgade, Christiania, København.",5,./archive/legacy/200_calendar/2002/02_09_14_electro_i_dunst/flyer_elektro.jpg,,Skal gennemgås
"2002-09-08|Optræden|Stemmetællere, Danmarks Designskole, København","Stemmetællere, Danmarks Designskole, København",1,./archive/legacy/200_calendar/2002/02_09_08_designskolen/2002_09_08_design_09.jpg,,Skal gennemgås
"2002-09-08|Optræden|Stemmetællere, Danmarks Designskole, København","Stemmetællere, Danmarks Designskole, København",2,./archive/legacy/200_calendar/2002/02_09_08_designskolen/2002_09_08_design_11.jpg,,Skal gennemgås
"2002-09-08|Optræden|Stemmetællere, Danmarks Designskole, København","Stemmetællere, Danmarks Designskole, København",3,./archive/legacy/200_calendar/2002/02_09_08_designskolen/2002_09_08_design_10.jpg,,Skal gennemgås
"2002-09-08|Optræden|Stemmetællere, Danmarks Designskole, København","Stemmetællere, Danmarks Designskole, København",4,./archive/timeline/combined/B15-2002_09_08_design.png,,Skal gennemgås
"2002-09-08|Optræden|Stemmetællere, Danmarks Designskole, København","Stemmetællere, Danmarks Designskole, København",5,./archive/legacy/200_calendar/2002/02_09_08_designskolen/2002_09_08_design_01.jpg,,Skal gennemgås
"2002-09-08|Optræden|Stemmetællere, Danmarks Designskole, København","Stemmetællere, Danmarks Designskole, København",6,./archive/legacy/200_calendar/2002/02_09_08_designskolen/2002_09_08_design_02.jpg,,Skal gennemgås
"2002-09-08|Optræden|Stemmetællere, Danmarks Designskole, København","Stemmetællere, Danmarks Designskole, København",7,./archive/legacy/200_calendar/2002/02_09_08_designskolen/2002_09_08_design_03.jpg,,Skal gennemgås
"2002-09-08|Optræden|Stemmetællere, Danmarks Designskole, København","Stemmetællere, Danmarks Designskole, København",8,./archive/legacy/200_calendar/2002/02_09_08_designskolen/2002_09_08_design_04.jpg,,Skal gennemgås
"2002-09-08|Optræden|Stemmetællere, Danmarks Designskole, København","Stemmetællere, Danmarks Designskole, København",9,./archive/timeline/combined/B16-2002_09_08_design.png,,Skal gennemgås
"2002-09-08|Optræden|Stemmetællere, Danmarks Designskole, København","Stemmetællere, Danmarks Designskole, København",10,./archive/timeline/combined/B35-2002_09_08_design.png,,Skal gennemgås
"2002-09-08|Optræden|Stemmetællere, Danmarks Designskole, København","Stemmetællere, Danmarks Designskole, København",11,./archive/timeline/combined/B36-2002_09_08_design.png,,Skal gennemgås
2002-08-17|Optræden|Dunst-optræden på Rådhuspladsen,Dunst-optræden på Rådhuspladsen,1,./archive/timeline/combined/B12-2002_08_17_mermaid.png,,Skal gennemgås
2002-08-17|Optræden|Dunst-optræden på Rådhuspladsen,Dunst-optræden på Rådhuspladsen,2,./archive/legacy/200_calendar/2002/02_08_17_mermaid_pride/parade_2002_04.jpg,,Skal gennemgås
2002-08-17|Optræden|Dunst-optræden på Rådhuspladsen,Dunst-optræden på Rådhuspladsen,3,./archive/legacy/200_calendar/2002/02_08_17_mermaid_pride/parade_2002_05.jpg,,Skal gennemgås
2002-08-17|Optræden|Dunst-optræden på Rådhuspladsen,Dunst-optræden på Rådhuspladsen,4,./archive/legacy/200_calendar/2002/02_08_17_mermaid_pride/2002_08_17_mermaid_02.jpg,,Skal gennemgås
2002-08-17|Optræden|Dunst-optræden på Rådhuspladsen,Dunst-optræden på Rådhuspladsen,5,./archive/legacy/200_calendar/2002/02_08_17_mermaid_pride/2002_08_17_mermaid_03.jpg,,Skal gennemgås
2002-08-17|Optræden|Dunst-optræden på Rådhuspladsen,Dunst-optræden på Rådhuspladsen,6,./archive/legacy/200_calendar/2002/02_08_17_mermaid_pride/2002_08_17_mermaid_06.jpg,,Skal gennemgås
2002-08-17|Optræden|Dunst-optræden på Rådhuspladsen,Dunst-optræden på Rådhuspladsen,7,./archive/timeline/combined/B13-2002_08_17_mermaid.png,,Skal gennemgås
2002-08-17|Optræden|Dunst-optræden på Rådhuspladsen,Dunst-optræden på Rådhuspladsen,8,./archive/legacy/200_calendar/2002/02_08_17_mermaid_pride/2002_08_17_mermaid_04.jpg,,Skal gennemgås
2002-08-17|Optræden|Dunst-optræden på Rådhuspladsen,Dunst-optræden på Rådhuspladsen,9,./archive/legacy/200_calendar/2002/02_08_17_mermaid_pride/2002_08_17_raadhuspladsen_01.jpg,,Skal gennemgås
2002-08-17|Optræden|Dunst-optræden på Rådhuspladsen,Dunst-optræden på Rådhuspladsen,10,./archive/legacy/200_calendar/2002/02_08_17_mermaid_pride/2002_08_17_raadhuspladsen_02.jpg,,Skal gennemgås
2002-08-17|Optræden|Dunst-optræden på Rådhuspladsen,Dunst-optræden på Rådhuspladsen,11,./archive/legacy/200_calendar/2002/02_08_17_mermaid_pride/2002_08_17_raadhuspladsen_03.jpg,,Skal gennemgås
2002-08-17|Optræden|Dunst-optræden på Rådhuspladsen,Dunst-optræden på Rådhuspladsen,12,./archive/legacy/200_calendar/2002/02_08_17_mermaid_pride/2002_08_17_raadhuspladsen_04.jpg,,Skal gennemgås
"2002-08-10|Optræden|Strandtøj, Frøken Verden, Den Grå Hal, Christiania, København","Strandtøj, Frøken Verden, Den Grå Hal, Christiania, København",1,./archive/legacy/200_calendar/2002/02_08_10_froeken_verden/2002_strand_02.jpg,,Skal gennemgås
"2002-08-10|Optræden|Strandtøj, Frøken Verden, Den Grå Hal, Christiania, København","Strandtøj, Frøken Verden, Den Grå Hal, Christiania, København",2,./archive/legacy/200_calendar/2002/02_08_10_froeken_verden/2002_08_10_flyer_miss_world.jpg,,Skal gennemgås
"2002-08-10|Optræden|Strandtøj, Frøken Verden, Den Grå Hal, Christiania, København","Strandtøj, Frøken Verden, Den Grå Hal, Christiania, København",3,./archive/legacy/200_calendar/2002/02_08_10_froeken_verden/2002_strand_01.jpg,,Skal gennemgås
"2002-08-10|Optræden|Strandtøj, Frøken Verden, Den Grå Hal, Christiania, København","Strandtøj, Frøken Verden, Den Grå Hal, Christiania, København",4,./archive/legacy/200_calendar/2002/02_08_10_froeken_verden/2002_strand_03.jpg,,Skal gennemgås
"2002-08-10|Optræden|Strandtøj, Frøken Verden, Den Grå Hal, Christiania, København","Strandtøj, Frøken Verden, Den Grå Hal, Christiania, København",5,./archive/timeline/combined/B10-2002_strand.png,,Skal gennemgås
"2002-08-10|Optræden|Strandtøj, Frøken Verden, Den Grå Hal, Christiania, København","Strandtøj, Frøken Verden, Den Grå Hal, Christiania, København",6,./archive/legacy/200_calendar/2002/02_08_10_froeken_verden/2002_strand_05.jpg,,Skal gennemgås
"2002-08-10|Optræden|Strandtøj, Frøken Verden, Den Grå Hal, Christiania, København","Strandtøj, Frøken Verden, Den Grå Hal, Christiania, København",7,./archive/timeline/combined/B11-2002_strand.png,,Skal gennemgås
"2002-08-10|Optræden|Hverdagstøj, Frøken Verden, Den Grå Hal, Christiania, København","Hverdagstøj, Frøken Verden, Den Grå Hal, Christiania, København",1,./archive/legacy/200_calendar/2002/02_08_10_froeken_verden/2002_hverdag_04.jpg,,Skal gennemgås
"2002-08-10|Optræden|Hverdagstøj, Frøken Verden, Den Grå Hal, Christiania, København","Hverdagstøj, Frøken Verden, Den Grå Hal, Christiania, København",2,./archive/legacy/200_calendar/2002/02_08_10_froeken_verden/2002_08_10_flyer_miss_world.jpg,,Skal gennemgås
"2002-08-10|Optræden|Hverdagstøj, Frøken Verden, Den Grå Hal, Christiania, København","Hverdagstøj, Frøken Verden, Den Grå Hal, Christiania, København",3,./archive/timeline/combined/B09-2002_hverdag.png,,Skal gennemgås
"2002-08-10|Optræden|Hverdagstøj, Frøken Verden, Den Grå Hal, Christiania, København","Hverdagstøj, Frøken Verden, Den Grå Hal, Christiania, København",4,./archive/legacy/200_calendar/2002/02_08_10_froeken_verden/dennis_hverdag_04.jpg,,Skal gennemgås
"2002-08-10|Optræden|Hverdagstøj, Frøken Verden, Den Grå Hal, Christiania, København","Hverdagstøj, Frøken Verden, Den Grå Hal, Christiania, København",5,./archive/legacy/200_calendar/2002/02_08_10_froeken_verden/dennis_hverdag_02.jpg,,Skal gennemgås
"2002-08-10|Optræden|Hverdagstøj, Frøken Verden, Den Grå Hal, Christiania, København","Hverdagstøj, Frøken Verden, Den Grå Hal, Christiania, København",6,./archive/legacy/200_calendar/2002/02_08_10_froeken_verden/dennis_hverdag_05.jpg,,Skal gennemgås
"2002-08-10|Optræden|Hverdagstøj, Frøken Verden, Den Grå Hal, Christiania, København","Hverdagstøj, Frøken Verden, Den Grå Hal, Christiania, København",7,./archive/legacy/200_calendar/2002/02_08_10_froeken_verden/2002_hverdag_05.jpg,,Skal gennemgås
"2002-08-10|Optræden|Hverdagstøj, Frøken Verden, Den Grå Hal, Christiania, København","Hverdagstøj, Frøken Verden, Den Grå Hal, Christiania, København",8,./archive/legacy/200_calendar/2002/02_08_10_froeken_verden/dennis_hverdag_03.jpg,,Skal gennemgås
"2002-08-10|Optræden|Hverdagstøj, Frøken Verden, Den Grå Hal, Christiania, København","Hverdagstøj, Frøken Verden, Den Grå Hal, Christiania, København",9,./archive/timeline/combined/B33-2002_hverdag.png,,Skal gennemgås
"2002-08-10|Optræden|Festtøj, Frøken Verden, Den Grå Hal, Christiania, København","Festtøj, Frøken Verden, Den Grå Hal, Christiania, København",1,./archive/legacy/200_calendar/2002/02_08_10_froeken_verden/2002_fest_08.jpg,,Skal gennemgås
"2002-08-10|Optræden|Festtøj, Frøken Verden, Den Grå Hal, Christiania, København","Festtøj, Frøken Verden, Den Grå Hal, Christiania, København",2,./archive/legacy/200_calendar/2002/02_08_10_froeken_verden/2002_08_10_flyer_miss_world.jpg,,Skal gennemgås
"2002-08-10|Optræden|Festtøj, Frøken Verden, Den Grå Hal, Christiania, København","Festtøj, Frøken Verden, Den Grå Hal, Christiania, København",3,./archive/legacy/200_calendar/2002/02_08_10_froeken_verden/2002_fest_02.jpg,,Skal gennemgås
"2002-08-10|Optræden|Festtøj, Frøken Verden, Den Grå Hal, Christiania, København","Festtøj, Frøken Verden, Den Grå Hal, Christiania, København",4,./archive/legacy/200_calendar/2002/02_08_10_froeken_verden/dennis_fest_04.jpg,,Skal gennemgås
"2002-08-10|Optræden|Festtøj, Frøken Verden, Den Grå Hal, Christiania, København","Festtøj, Frøken Verden, Den Grå Hal, Christiania, København",5,./archive/legacy/200_calendar/2002/02_08_10_froeken_verden/2002_fest_06.jpg,,Skal gennemgås
"2002-08-10|Optræden|Festtøj, Frøken Verden, Den Grå Hal, Christiania, København","Festtøj, Frøken Verden, Den Grå Hal, Christiania, København",6,./archive/legacy/200_calendar/2002/02_08_10_froeken_verden/2002_fest_10.jpg,,Skal gennemgås
"2002-08-10|Optræden|Festtøj, Frøken Verden, Den Grå Hal, Christiania, København","Festtøj, Frøken Verden, Den Grå Hal, Christiania, København",7,./archive/legacy/200_calendar/2002/02_08_10_froeken_verden/dennis_fest_03.jpg,,Skal gennemgås
"2002-08-10|Optræden|Festtøj, Frøken Verden, Den Grå Hal, Christiania, København","Festtøj, Frøken Verden, Den Grå Hal, Christiania, København",8,./archive/legacy/200_calendar/2002/02_08_10_froeken_verden/2002_fest_04.jpg,,Skal gennemgås
"2002-08-10|Optræden|Festtøj, Frøken Verden, Den Grå Hal, Christiania, København","Festtøj, Frøken Verden, Den Grå Hal, Christiania, København",9,./archive/legacy/200_calendar/2002/02_08_10_froeken_verden/dennis_fest_05.jpg,,Skal gennemgås
"2002-08-10|Optræden|Festtøj, Frøken Verden, Den Grå Hal, Christiania, København","Festtøj, Frøken Verden, Den Grå Hal, Christiania, København",10,./archive/legacy/200_calendar/2002/02_08_10_froeken_verden/2002_fest_09.jpg,,Skal gennemgås
"2002-08-03|Tekstildesign|Listastevna, Thorshavn, Færøerne.","Listastevna, Thorshavn, Færøerne.",1,./archive/timeline/combined/B28-2002_08_03_listastevna.png,,Skal gennemgås
"2002-08-03|Tekstildesign|Listastevna, Thorshavn, Færøerne.","Listastevna, Thorshavn, Færøerne.",2,./archive/legacy/200_calendar/2002/02_08_03_listastevna/2002_08_03_flyer_listastevna.gif,,Skal gennemgås
"2002-08-03|Tekstildesign|Listastevna, Thorshavn, Færøerne.","Listastevna, Thorshavn, Færøerne.",3,./archive/timeline/combined/B29-2002_08_03_listastevna.png,,Skal gennemgås
"2002-08-03|Tekstildesign|Listastevna, Thorshavn, Færøerne.","Listastevna, Thorshavn, Færøerne.",4,./archive/timeline/combined/B30-2002_08_03_listastevna.png,,Skal gennemgås
"2002-08-03|Tekstildesign|Listastevna, Thorshavn, Færøerne.","Listastevna, Thorshavn, Færøerne.",5,./archive/timeline/combined/B31-2002_08_03_listastevna.png,,Skal gennemgås
"2002-08-03|Tekstildesign|Listastevna, Thorshavn, Færøerne.","Listastevna, Thorshavn, Færøerne.",6,./archive/legacy/200_calendar/2002/02_08_03_listastevna/2002_08_03_listastevna_07.jpg,,Skal gennemgås
"2002-08-03|Tekstildesign|Listastevna, Thorshavn, Færøerne.","Listastevna, Thorshavn, Færøerne.",7,./archive/legacy/200_calendar/2002/02_08_03_listastevna/2002_08_03_listastevna_09.jpg,,Skal gennemgås
"2002-06-08|Liveoptræden|Dunst Gay Night Cabaret, Hal-D, København.","Dunst Gay Night Cabaret, Hal-D, København.",1,./archive/legacy/200_calendar/2002/02_06_08_gay_night_cabaret/2002_06_08_cabaret._11.jpg,,Skal gennemgås
"2002-06-08|Liveoptræden|Dunst Gay Night Cabaret, Hal-D, København.","Dunst Gay Night Cabaret, Hal-D, København.",2,./archive/legacy/200_calendar/2002/02_06_08_gay_night_cabaret/2002_06_08_cabaret._05.jpg,,Skal gennemgås
"2002-06-08|Liveoptræden|Dunst Gay Night Cabaret, Hal-D, København.","Dunst Gay Night Cabaret, Hal-D, København.",3,./archive/legacy/200_calendar/2002/02_06_08_gay_night_cabaret/2002_06_08_cabaret._10.jpg,,Skal gennemgås
"2002-06-08|Liveoptræden|Dunst Gay Night Cabaret, Hal-D, København.","Dunst Gay Night Cabaret, Hal-D, København.",4,./archive/legacy/200_calendar/2002/02_06_08_gay_night_cabaret/flyer_fest_03.jpg,,Skal gennemgås
"2002-06-08|Liveoptræden|Dunst Gay Night Cabaret, Hal-D, København.","Dunst Gay Night Cabaret, Hal-D, København.",5,./archive/timeline/combined/B32-2002_06_08_cabaret..png,,Skal gennemgås
"2002-06-01|Happening|Dunst happening, København.","Dunst happening, København.",1,./archive/timeline/combined/B06-2002_06_01_flyer.png,,Skal gennemgås
"2002-06-01|Happening|Dunst happening, København.","Dunst happening, København.",2,./archive/timeline/combined/B07-2002_06_01_flyer.png,,Skal gennemgås
"2002-06-01|Happening|Dunst happening, København.","Dunst happening, København.",3,./archive/timeline/combined/B08-2002_06_01_flyer.png,,Skal gennemgås
"2002-05-25|Happening|Reklame for Gay Night Cabaret, København.","Reklame for Gay Night Cabaret, København.",1,./archive/legacy/200_calendar/2002/02_05_25_i_byen/2002_05_25_i_byen_04.jpg,,Skal gennemgås
"2002-05-25|Happening|Reklame for Gay Night Cabaret, København.","Reklame for Gay Night Cabaret, København.",2,./archive/legacy/200_calendar/2002/02_05_25_i_byen/2002_05_25_i_byen_01.jpg,,Skal gennemgås
"2002-05-25|Happening|Reklame for Gay Night Cabaret, København.","Reklame for Gay Night Cabaret, København.",3,./archive/legacy/200_calendar/2002/02_05_25_i_byen/2002_05_25_i_byen_02.jpg,,Skal gennemgås
"2002-05-25|Happening|Reklame for Gay Night Cabaret, København.","Reklame for Gay Night Cabaret, København.",4,./archive/legacy/200_calendar/2002/02_05_25_i_byen/2002_05_25_i_byen_03.jpg,,Skal gennemgås
"2000-10-31|Optræden|Halloween, Foleys, København.","Halloween, Foleys, København.",1,./archive/legacy/200_calendar/2000/00_10_31_halloween/2000_halloween_01.jpg,,Skal gennemgås
"2000-10-31|Optræden|Halloween, Foleys, København.","Halloween, Foleys, København.",2,./archive/legacy/200_calendar/2000/00_10_31_halloween/2000_halloween_03.jpg,,Skal gennemgås
"2000-10-31|Optræden|Halloween, Foleys, København.","Halloween, Foleys, København.",3,./archive/legacy/200_calendar/2000/00_10_31_halloween/2000_halloween_02.jpg,,Skal gennemgås
"2000-10-31|Optræden|Halloween, Foleys, København.","Halloween, Foleys, København.",4,./archive/timeline/combined/B04-2000_halloween.png,,Skal gennemgås
"2000-10-31|Optræden|Halloween, Foleys, København.","Halloween, Foleys, København.",5,./archive/timeline/combined/B05-2000_halloween.png,,Skal gennemgås
"2000-08-14|Optræden|Frøken Verden, Christiania, København.","Frøken Verden, Christiania, København.",1,./archive/legacy/200_calendar/2000/00_08_14_frk_verden/2000_08_14_missworld_01.jpg,,Skal gennemgås
"2000-08-14|Optræden|Frøken Verden, Christiania, København.","Frøken Verden, Christiania, København.",2,./archive/legacy/200_calendar/2000/00_08_14_frk_verden/2000_08_14_missworld_02.jpg,,Skal gennemgås
"2000-08-14|Optræden|Frøken Verden, Christiania, København.","Frøken Verden, Christiania, København.",3,./archive/legacy/200_calendar/2000/00_08_14_frk_verden/2000_08_14_missworld_03.jpg,,Skal gennemgås
"1999-11-01|Kunstudstilling|Separatudstilling, Færøhuset, København.","Separatudstilling, Færøhuset, København.",1,./archive/legacy/200_calendar/1999/99_11_01_fo_hus/1_400.jpg,,Skal gennemgås
"1999-11-01|Kunstudstilling|Separatudstilling, Færøhuset, København.","Separatudstilling, Færøhuset, København.",2,./archive/legacy/200_calendar/1999/99_11_01_fo_hus/2_400.jpg,,Skal gennemgås
"1999-11-01|Kunstudstilling|Separatudstilling, Færøhuset, København.","Separatudstilling, Færøhuset, København.",3,./archive/legacy/200_calendar/1999/99_11_01_fo_hus/3_400.jpg,,Skal gennemgås
"1999-11-01|Kunstudstilling|Separatudstilling, Færøhuset, København.","Separatudstilling, Færøhuset, København.",4,./archive/legacy/200_calendar/1999/99_11_01_fo_hus/4_400.jpg,,Skal gennemgås
"1999-11-01|Kunstudstilling|Separatudstilling, Færøhuset, København.","Separatudstilling, Færøhuset, København.",5,./archive/legacy/200_calendar/1999/99_11_01_fo_hus/5_400.jpg,,Skal gennemgås
"1999-11-01|Kunstudstilling|Separatudstilling, Færøhuset, København.","Separatudstilling, Færøhuset, København.",6,./archive/legacy/200_calendar/1999/99_11_01_fo_hus/6_400.jpg,,Skal gennemgås
"1999-04-03|Kunstudstilling|Færøsk Kunst, Den Frie Udstillings Bygning, København.","Færøsk Kunst, Den Frie Udstillings Bygning, København.",1,./archive/legacy/200_calendar/1999/99_04_03_faeroesk_kunst/raab.jpg,,Skal gennemgås
"1999-04-03|Kunstudstilling|Færøsk Kunst, Den Frie Udstillings Bygning, København.","Færøsk Kunst, Den Frie Udstillings Bygning, København.",2,./archive/legacy/200_calendar/1999/99_04_03_faeroesk_kunst/hipie.jpg,,Skal gennemgås
"1999-04-03|Kunstudstilling|Færøsk Kunst, Den Frie Udstillings Bygning, København.","Færøsk Kunst, Den Frie Udstillings Bygning, København.",3,./archive/legacy/200_calendar/1999/99_04_03_faeroesk_kunst/hair.jpg,,Skal gennemgås
"1999-04-03|Kunstudstilling|Færøsk Kunst, Den Frie Udstillings Bygning, København.","Færøsk Kunst, Den Frie Udstillings Bygning, København.",4,./archive/legacy/200_calendar/1999/99_04_03_faeroesk_kunst/wispher.jpg,,Skal gennemgås
"1999-04-03|Kunstudstilling|Færøsk Kunst, Den Frie Udstillings Bygning, København.","Færøsk Kunst, Den Frie Udstillings Bygning, København.",5,./archive/legacy/200_calendar/1999/99_04_03_faeroesk_kunst/hands.jpg,,Skal gennemgås
"1999-04-03|Kunstudstilling|Færøsk Kunst, Den Frie Udstillings Bygning, København.","Færøsk Kunst, Den Frie Udstillings Bygning, København.",6,./archive/legacy/200_calendar/1999/99_04_03_faeroesk_kunst/finger.jpg,,Skal gennemgås
"1999-04-03|Kunstudstilling|Færøsk Kunst, Den Frie Udstillings Bygning, København.","Færøsk Kunst, Den Frie Udstillings Bygning, København.",7,./archive/legacy/200_calendar/1999/99_04_03_faeroesk_kunst/t4.jpg,,Skal gennemgås
"1998-10-14|Censureret kunstudstilling|To collager på ""KE 98"" (Kunstnernes Efterårsudstilling) på Den Frie, København. Indkøbt af Københavns Kulturfond.","To collager på ""KE 98"" (Kunstnernes Efterårsudstilling) på Den Frie, København. Indkøbt af Københavns Kulturfond.",1,./archive/legacy/200_calendar/1998/98_10_14_den_frie/selfportrait_01.jpg,,Skal gennemgås
"1998-10-14|Censureret kunstudstilling|To collager på ""KE 98"" (Kunstnernes Efterårsudstilling) på Den Frie, København. Indkøbt af Københavns Kulturfond.","To collager på ""KE 98"" (Kunstnernes Efterårsudstilling) på Den Frie, København. Indkøbt af Københavns Kulturfond.",2,./archive/legacy/200_calendar/1998/98_10_14_den_frie/selfportrait_02.jpg,,Skal gennemgås
"1998-06-24|Kunstudstilling|Seks malerier på udstillingen ""Kønst"" i Galleri Gammelstrand, København. Seks malere og tre billedhuggere fra kunstnergruppen ""Kunstnergruppen95.dk"".","Seks malerier på udstillingen ""Kønst"" i Galleri Gammelstrand, København. Seks malere og tre billedhuggere fra kunstnergruppen ""Kunstnergruppen95.dk"".",1,./archive/legacy/200_calendar/1998/98_06_24_koenst/IMG0010_01.jpg,,Skal gennemgås
"1998-06-24|Kunstudstilling|Seks malerier på udstillingen ""Kønst"" i Galleri Gammelstrand, København. Seks malere og tre billedhuggere fra kunstnergruppen ""Kunstnergruppen95.dk"".","Seks malerier på udstillingen ""Kønst"" i Galleri Gammelstrand, København. Seks malere og tre billedhuggere fra kunstnergruppen ""Kunstnergruppen95.dk"".",2,./archive/legacy/200_calendar/1998/98_06_24_koenst/IMG0010_02.jpg,,Skal gennemgås
"1998-06-24|Kunstudstilling|Seks malerier på udstillingen ""Kønst"" i Galleri Gammelstrand, København. Seks malere og tre billedhuggere fra kunstnergruppen ""Kunstnergruppen95.dk"".","Seks malerier på udstillingen ""Kønst"" i Galleri Gammelstrand, København. Seks malere og tre billedhuggere fra kunstnergruppen ""Kunstnergruppen95.dk"".",3,./archive/legacy/200_calendar/1998/98_06_24_koenst/IMG0010_03.jpg,,Skal gennemgås
"1998-06-24|Kunstudstilling|Seks malerier på udstillingen ""Kønst"" i Galleri Gammelstrand, København. Seks malere og tre billedhuggere fra kunstnergruppen ""Kunstnergruppen95.dk"".","Seks malerier på udstillingen ""Kønst"" i Galleri Gammelstrand, København. Seks malere og tre billedhuggere fra kunstnergruppen ""Kunstnergruppen95.dk"".",4,./archive/legacy/200_calendar/1998/98_06_24_koenst/IMG0010_04.jpg,,Skal gennemgås
"1998-06-24|Kunstudstilling|Seks malerier på udstillingen ""Kønst"" i Galleri Gammelstrand, København. Seks malere og tre billedhuggere fra kunstnergruppen ""Kunstnergruppen95.dk"".","Seks malerier på udstillingen ""Kønst"" i Galleri Gammelstrand, København. Seks malere og tre billedhuggere fra kunstnergruppen ""Kunstnergruppen95.dk"".",5,./archive/legacy/200_calendar/1998/98_06_24_koenst/IMG0010_05.jpg,,Skal gennemgås
"1998-06-24|Kunstudstilling|Seks malerier på udstillingen ""Kønst"" i Galleri Gammelstrand, København. Seks malere og tre billedhuggere fra kunstnergruppen ""Kunstnergruppen95.dk"".","Seks malerier på udstillingen ""Kønst"" i Galleri Gammelstrand, København. Seks malere og tre billedhuggere fra kunstnergruppen ""Kunstnergruppen95.dk"".",6,./archive/legacy/200_calendar/1998/98_06_24_koenst/IMG0010_06.jpg,,Skal gennemgås
"1994-04-10|Optræden|Danmarks Designskole, København.","Danmarks Designskole, København.",1,./archive/legacy/200_calendar/1994/1994_red_01.jpg,,Skal gennemgås
"1994-04-10|Optræden|Danmarks Designskole, København.","Danmarks Designskole, København.",2,./archive/legacy/200_calendar/1994/d_red_0222.jpg,,Skal gennemgås
"1994-04-10|Optræden|Danmarks Designskole, København.","Danmarks Designskole, København.",3,./archive/legacy/200_calendar/1994/1994_red_02.jpg,,Skal gennemgås
"1994-04-10|Optræden|Danmarks Designskole, København.","Danmarks Designskole, København.",4,./archive/legacy/200_calendar/1994/1994_red_03.jpg,,Skal gennemgås
"1991-04-10|Optræden|21-års fødselsdagsfest i min fars lejlighed, København.","21-års fødselsdagsfest i min fars lejlighed, København.",1,./archive/timeline/combined/B01-1991_birthday.png,,Skal gennemgås
"1991-04-10|Optræden|21-års fødselsdagsfest i min fars lejlighed, København.","21-års fødselsdagsfest i min fars lejlighed, København.",2,./archive/legacy/200_calendar/1991/1991_birthday_03.jpg,,Skal gennemgås
"1991-04-10|Optræden|21-års fødselsdagsfest i min fars lejlighed, København.","21-års fødselsdagsfest i min fars lejlighed, København.",3,./archive/timeline/combined/B02-1991_birthday.png,,Skal gennemgås
"1991-04-10|Optræden|21-års fødselsdagsfest i min fars lejlighed, København.","21-års fødselsdagsfest i min fars lejlighed, København.",4,./archive/legacy/200_calendar/1991/1991_birthday_05.jpg,,Skal gennemgås
"1991-04-10|Optræden|21-års fødselsdagsfest i min fars lejlighed, København.","21-års fødselsdagsfest i min fars lejlighed, København.",5,./archive/timeline/combined/B03-1991_birthday.png,,Skal gennemgås
"1987-07-07|Optræden|Michael Jackson-optræden, SMS Shoppingcenter, Tórshavn, Færøerne.","Michael Jackson-optræden, SMS Shoppingcenter, Tórshavn, Færøerne.",1,./archive/legacy/200_calendar/1987/1987_michael_jackson_01.jpg,,Skal gennemgås
"1987-07-07|Optræden|Michael Jackson-optræden, SMS Shoppingcenter, Tórshavn, Færøerne.","Michael Jackson-optræden, SMS Shoppingcenter, Tórshavn, Færøerne.",2,./archive/legacy/200_calendar/1987/1987_michael_jackson_02.jpg,,Skal gennemgås
"1987-07-07|Optræden|Michael Jackson-optræden, SMS Shoppingcenter, Tórshavn, Færøerne.","Michael Jackson-optræden, SMS Shoppingcenter, Tórshavn, Færøerne.",3,./archive/legacy/200_calendar/1987/1987_michael_jackson_03.jpg,,Skal gennemgås
"1987-07-07|Optræden|Michael Jackson-optræden, SMS Shoppingcenter, Tórshavn, Færøerne.","Michael Jackson-optræden, SMS Shoppingcenter, Tórshavn, Færøerne.",4,./archive/legacy/200_calendar/1987/1987_michael_jackson_04.jpg,,Skal gennemgås
"1987-07-07|Optræden|Michael Jackson-optræden, SMS Shoppingcenter, Tórshavn, Færøerne.","Michael Jackson-optræden, SMS Shoppingcenter, Tórshavn, Færøerne.",5,./archive/legacy/200_calendar/1987/1987_michael_jackson_05.jpg,,Skal gennemgås
"1983-06-10|Optræden|Imitation af Nina Hagen til skolens juleteaterforestilling, Vestmanna, Færøerne.","Imitation af Nina Hagen til skolens juleteaterforestilling, Vestmanna, Færøerne.",1,./archive/legacy/200_calendar/1983/nina_hagen_dennis_agerblad.jpg,,Skal gennemgås
"1983-06-10|Optræden|Imitation af Nina Hagen til skolens juleteaterforestilling, Vestmanna, Færøerne.","Imitation af Nina Hagen til skolens juleteaterforestilling, Vestmanna, Færøerne.",2,./archive/legacy/200_calendar/1983/1983_12_15_nina_hagen_01.jpg,,Skal gennemgås
"1979-06-10|Optræden|Mit første dragshow, hjemme hos min onkel, Tórshavn, Færøerne.","Mit første dragshow, hjemme hos min onkel, Tórshavn, Færøerne.",1,./archive/legacy/200_calendar/1979/1979_strip_0111.jpg,,Skal gennemgås
"1979-06-10|Optræden|Mit første dragshow, hjemme hos min onkel, Tórshavn, Færøerne.","Mit første dragshow, hjemme hos min onkel, Tórshavn, Færøerne.",2,./archive/legacy/200_calendar/1979/1979_strip_02.jpg,,Skal gennemgås
"1979-06-10|Optræden|Mit første dragshow, hjemme hos min onkel, Tórshavn, Færøerne.","Mit første dragshow, hjemme hos min onkel, Tórshavn, Færøerne.",3,./archive/legacy/200_calendar/1979/1979_strip_033.jpg,,Skal gennemgås
"1979-06-10|Optræden|Mit første dragshow, hjemme hos min onkel, Tórshavn, Færøerne.","Mit første dragshow, hjemme hos min onkel, Tórshavn, Færøerne.",4,./archive/legacy/200_calendar/1979/1979_strip_022.jpg,,Skal gennemgås
"1979-06-10|Optræden|Mit første dragshow, hjemme hos min onkel, Tórshavn, Færøerne.","Mit første dragshow, hjemme hos min onkel, Tórshavn, Færøerne.",5,./archive/legacy/200_calendar/1979/1979_strip_011.jpg,,Skal gennemgås
"1979-06-10|Optræden|Mit første dragshow, hjemme hos min onkel, Tórshavn, Færøerne.","Mit første dragshow, hjemme hos min onkel, Tórshavn, Færøerne.",6,./archive/legacy/200_calendar/1979/1979_strip_03.jpg,,Skal gennemgås
2025-08-09|Optræden|Sommerfest i Bøssehuset,Sommerfest i Bøssehuset,1,./archive/timeline/performance/2025-08-09-01.jpg,,Skal gennemgås
2025-08-09|Optræden|Sommerfest i Bøssehuset,Sommerfest i Bøssehuset,2,./archive/timeline/performance/2025-08-09-02.jpg,,Skal gennemgås
2025-08-09|Optræden|Sommerfest i Bøssehuset,Sommerfest i Bøssehuset,3,./archive/timeline/performance/2025-08-09-03.jpg,,Skal gennemgås
"2025-11-28|Koncert|Udgivelseskoncert for albummet “STEV”, Blábar, Tórshavn","Udgivelseskoncert for albummet “STEV”, Blábar, Tórshavn",1,./archive/timeline/performance/2025-11-28-01.jpg,,Skal gennemgås
"2025-11-28|Koncert|Udgivelseskoncert for albummet “STEV”, Blábar, Tórshavn","Udgivelseskoncert for albummet “STEV”, Blábar, Tórshavn",2,./archive/timeline/performance/2025-11-28-02.webp,,Skal gennemgås
"2025-11-28|Koncert|Udgivelseskoncert for albummet “STEV”, Blábar, Tórshavn","Udgivelseskoncert for albummet “STEV”, Blábar, Tórshavn",3,./archive/timeline/performance/2025-11-28-03.webp,,Skal gennemgås
"2025-11-28|Koncert|Udgivelseskoncert for albummet “STEV”, Blábar, Tórshavn","Udgivelseskoncert for albummet “STEV”, Blábar, Tórshavn",4,./archive/timeline/performance/2025-11-28-04.webp,,Skal gennemgås
"2025-11-28|Koncert|Udgivelseskoncert for albummet “STEV”, Blábar, Tórshavn","Udgivelseskoncert for albummet “STEV”, Blábar, Tórshavn",5,./archive/timeline/performance/2025-11-28-05.jpg,,Skal gennemgås
"2025-11-28|Koncert|Udgivelseskoncert for albummet “STEV”, Blábar, Tórshavn","Udgivelseskoncert for albummet “STEV”, Blábar, Tórshavn",6,./archive/timeline/performance/2025-11-28-06.jpg,,Skal gennemgås
"2025-11-28|Koncert|Udgivelseskoncert for albummet “STEV”, Blábar, Tórshavn","Udgivelseskoncert for albummet “STEV”, Blábar, Tórshavn",7,./archive/timeline/performance/2025-11-28-07.jpg,,Skal gennemgås
2025-12-19|Optræden|Juleshow i Bøssehuset,Juleshow i Bøssehuset,1,./archive/timeline/performance/2025-12-19-01.jpg,,Skal gennemgås
2025-12-19|Optræden|Juleshow i Bøssehuset,Juleshow i Bøssehuset,2,./archive/timeline/performance/2025-12-19-02.jpg,,Skal gennemgås
2025-12-19|Optræden|Juleshow i Bøssehuset,Juleshow i Bøssehuset,3,./archive/timeline/performance/2025-12-19-03.jpg,,Skal gennemgås
2025-12-19|Optræden|Juleshow i Bøssehuset,Juleshow i Bøssehuset,4,./archive/timeline/performance/2025-12-19-04.jpg,,Skal gennemgås
2026-06-05|Melodigrandprix|Kønspolitisk Melodigrandprix,Kønspolitisk Melodigrandprix,1,./archive/timeline/performance/2026-06-05-01.jpg,,Skal gennemgås
2026-06-05|Melodigrandprix|Kønspolitisk Melodigrandprix,Kønspolitisk Melodigrandprix,2,./archive/timeline/performance/2026-06-05-02.jpg,,Skal gennemgås
2026-06-05|Melodigrandprix|Kønspolitisk Melodigrandprix,Kønspolitisk Melodigrandprix,3,./archive/timeline/performance/2026-06-05-03.jpg,,Skal gennemgås
2026-06-05|Melodigrandprix|Kønspolitisk Melodigrandprix,Kønspolitisk Melodigrandprix,4,./archive/timeline/performance/2026-06-05-04.jpg,,Skal gennemgås
2026-06-05|Melodigrandprix|Kønspolitisk Melodigrandprix,Kønspolitisk Melodigrandprix,5,./archive/timeline/performance/2026-06-05-05.jpg,,Skal gennemgås
"2026-07-18|Koncert|maður:glotti på G! Festival, Færøerne","maður:glotti på G! Festival, Færøerne",1,./archive/timeline/performance/2026-07-18-02.jpg,,Skal gennemgås
"2026-07-18|Koncert|maður:glotti på G! Festival, Færøerne","maður:glotti på G! Festival, Færøerne",2,./archive/timeline/performance/2026-07-18-03.jpg,,Skal gennemgås
"2026-07-18|Koncert|maður:glotti på G! Festival, Færøerne","maður:glotti på G! Festival, Færøerne",3,./archive/timeline/performance/2026-07-18-04.jpg,,Skal gennemgås
"2026-07-18|Koncert|maður:glotti på G! Festival, Færøerne","maður:glotti på G! Festival, Færøerne",4,./archive/timeline/performance/2026-07-18-05.jpg,,Skal gennemgås
"2026-07-18|Koncert|maður:glotti på G! Festival, Færøerne","maður:glotti på G! Festival, Færøerne",5,./archive/timeline/performance/2026-07-18-01.jpg,,Skal gennemgås
2025-10-25|Kunst|Jeg stiller op til borgmester i København,Jeg stiller op til borgmester i København,1,./archive/timeline/performance/2025-10-25-01.jpg,,Skal gennemgås
2025-10-25|Kunst|Jeg stiller op til borgmester i København,Jeg stiller op til borgmester i København,2,./archive/timeline/performance/2025-10-25-02.jpg,,Skal gennemgås
2025-10-25|Kunst|Jeg stiller op til borgmester i København,Jeg stiller op til borgmester i København,3,./archive/timeline/performance/2025-10-25-03.jpg,,Skal gennemgås
2025-10-25|Kunst|Jeg stiller op til borgmester i København,Jeg stiller op til borgmester i København,4,./archive/timeline/performance/2025-10-25-04.jpg,,Skal gennemgås
2022-10-12|Kunst|Jeg stiller op til statsminister,Jeg stiller op til statsminister,1,./archive/timeline/valgplakater-2022-01.jpeg,,Skal gennemgås
2022-10-12|Kunst|Jeg stiller op til statsminister,Jeg stiller op til statsminister,2,./archive/timeline/valgplakater-2022-02.jpeg,,Skal gennemgås
2022-10-12|Kunst|Jeg stiller op til statsminister,Jeg stiller op til statsminister,3,./archive/timeline/valgplakater-2022-03.jpeg,,Skal gennemgås
2022-10-12|Kunst|Jeg stiller op til statsminister,Jeg stiller op til statsminister,4,./archive/timeline/valgplakater-2022-04.jpeg,,Skal gennemgås
"2026-09-11|Optræden|Kaleido-show, Bøssehuset","Kaleido-show, Bøssehuset",1,./archive/timeline/performance/2026-09-11-01.webp,,Skal gennemgås
"2026-09-11|Optræden|Kaleido-show, Bøssehuset","Kaleido-show, Bøssehuset",2,./archive/timeline/performance/2026-09-11-02.webp,,Skal gennemgås
"2026-09-11|Optræden|Kaleido-show, Bøssehuset","Kaleido-show, Bøssehuset",3,./archive/timeline/performance/2026-09-11-03-v2.webp,,Skal gennemgås
"2022-10-21|Optræden|Sjæl på Dåse 7, Operaen, Christiania","Sjæl på Dåse 7, Operaen, Christiania",1,./archive/timeline/performance/2022-10-21-01.jpg,,Skal gennemgås
"2018-10-14|Liveoptræden|Sjæl på Dåse 2, Operaen, Christiania","Sjæl på Dåse 2, Operaen, Christiania",1,./archive/timeline/performance/2018-10-14-01.jpg,,Skal gennemgås
"2018-10-14|Liveoptræden|Sjæl på Dåse 2, Operaen, Christiania","Sjæl på Dåse 2, Operaen, Christiania",2,./archive/timeline/performance/2018-10-14-02.jpg,,Skal gennemgås
"2018-10-14|Liveoptræden|Sjæl på Dåse 2, Operaen, Christiania","Sjæl på Dåse 2, Operaen, Christiania",3,./archive/timeline/performance/2018-10-14-03.jpg,,Skal gennemgås
"2018-10-14|Liveoptræden|Sjæl på Dåse 2, Operaen, Christiania","Sjæl på Dåse 2, Operaen, Christiania",4,./archive/timeline/performance/2018-10-14-04.jpg,,Skal gennemgås
"2019-10-19|Liveoptræden|Sjæl på Dåse 3, Operaen, Christiania","Sjæl på Dåse 3, Operaen, Christiania",1,./archive/timeline/performance/2019-10-19-01.jpg,,Skal gennemgås
"2019-10-19|Liveoptræden|Sjæl på Dåse 3, Operaen, Christiania","Sjæl på Dåse 3, Operaen, Christiania",2,./archive/timeline/performance/2019-10-19-02.jpg,,Skal gennemgås
"2020-10-16|Liveoptræden|Sjæl på Dåse 4, Operaen, Christiania","Sjæl på Dåse 4, Operaen, Christiania",1,./archive/timeline/performance/2020-10-16-02.jpg,,Skal gennemgås
"2021-08-21|Liveoptræden|Sjæl på Dåse 5, Operaen, Christiania","Sjæl på Dåse 5, Operaen, Christiania",1,./archive/legacy/200_calendar/2021/sjael_paa_daase_5/Dennis-Agerblad-i-hvid.jpg,,Skal gennemgås
"2021-08-21|Liveoptræden|Sjæl på Dåse 5, Operaen, Christiania","Sjæl på Dåse 5, Operaen, Christiania",2,./archive/legacy/200_calendar/2021/sjael_paa_daase_5/Dennis-Agerblad-in-black.jpg,,Skal gennemgås
"2021-08-21|Liveoptræden|Sjæl på Dåse 5, Operaen, Christiania","Sjæl på Dåse 5, Operaen, Christiania",3,./archive/legacy/200_calendar/2021/sjael_paa_daase_5/Dennis-Agerblad-in-black-2.jpg,,Skal gennemgås
"2021-10-22|Liveoptræden|Sjæl på Dåse 6, Operaen, Christiania","Sjæl på Dåse 6, Operaen, Christiania",1,./archive/timeline/performance/2021-10-22-01.jpg,,Skal gennemgås
"2021-10-22|Liveoptræden|Sjæl på Dåse 6, Operaen, Christiania","Sjæl på Dåse 6, Operaen, Christiania",2,./archive/timeline/performance/2021-10-22-02.jpg,,Skal gennemgås
"2023-10-20|Optræden|Sjæl på Dåse 8, Operaen, Christiania","Sjæl på Dåse 8, Operaen, Christiania",1,./archive/timeline/performance/2023-10-20-01.webp,,Skal gennemgås
"2023-10-20|Optræden|Sjæl på Dåse 8, Operaen, Christiania","Sjæl på Dåse 8, Operaen, Christiania",2,./archive/timeline/performance/2023-10-20-02.webp,,Skal gennemgås
"2023-10-20|Optræden|Sjæl på Dåse 8, Operaen, Christiania","Sjæl på Dåse 8, Operaen, Christiania",3,./archive/timeline/performance/2023-10-20-03.webp,,Skal gennemgås
"2023-10-20|Optræden|Sjæl på Dåse 8, Operaen, Christiania","Sjæl på Dåse 8, Operaen, Christiania",4,./archive/timeline/performance/2023-10-20-04.webp,,Skal gennemgås
"2024-10-18|Optræden|Sjæl på Dåse 9, Operaen, Christiania","Sjæl på Dåse 9, Operaen, Christiania",1,./archive/timeline/performance/2024-10-18-01.webp,,Skal gennemgås
"2024-10-18|Optræden|Sjæl på Dåse 9, Operaen, Christiania","Sjæl på Dåse 9, Operaen, Christiania",2,./archive/timeline/performance/2024-10-18-02.webp,,Skal gennemgås
"2024-10-18|Optræden|Sjæl på Dåse 9, Operaen, Christiania","Sjæl på Dåse 9, Operaen, Christiania",3,./archive/timeline/performance/2024-10-18-03.webp,,Skal gennemgås
"2024-10-18|Optræden|Sjæl på Dåse 9, Operaen, Christiania","Sjæl på Dåse 9, Operaen, Christiania",4,./archive/timeline/performance/2024-10-18-04.webp,,Skal gennemgås
"2025-10-29|Optræden|Sjæl på Dåse 10, Operaen, Christiania","Sjæl på Dåse 10, Operaen, Christiania",1,./archive/timeline/performance/2025-10-29-01.jpg,,Skal gennemgås
"2025-10-29|Optræden|Sjæl på Dåse 10, Operaen, Christiania","Sjæl på Dåse 10, Operaen, Christiania",2,./archive/timeline/performance/2025-10-29-02.jpg,,Skal gennemgås
"2025-10-29|Optræden|Sjæl på Dåse 10, Operaen, Christiania","Sjæl på Dåse 10, Operaen, Christiania",3,./archive/timeline/performance/2025-10-29-03.jpg,,Skal gennemgås
"2025-10-29|Optræden|Sjæl på Dåse 10, Operaen, Christiania","Sjæl på Dåse 10, Operaen, Christiania",4,./archive/timeline/performance/2025-10-29-04.jpg,,Skal gennemgås
"2025-10-29|Optræden|Sjæl på Dåse 10, Operaen, Christiania","Sjæl på Dåse 10, Operaen, Christiania",5,./archive/timeline/performance/2025-10-29-05.jpg,,Skal gennemgås
"2025-10-29|Optræden|Sjæl på Dåse 10, Operaen, Christiania","Sjæl på Dåse 10, Operaen, Christiania",6,./archive/timeline/performance/2025-10-29-06.jpg,,Skal gennemgås
"2025-10-29|Optræden|Sjæl på Dåse 10, Operaen, Christiania","Sjæl på Dåse 10, Operaen, Christiania",7,./archive/timeline/performance/2025-10-29-07.jpg,,Skal gennemgås
2026-08-08|Koncert|Sommerfest i Bøssehuset,Sommerfest i Bøssehuset,1,./archive/timeline/performance/2026-08-08-01.webp,,Skal gennemgås
2026-08-08|Koncert|Sommerfest i Bøssehuset,Sommerfest i Bøssehuset,2,./archive/timeline/performance/2026-08-08-02.webp,,Skal gennemgås
2026-08-08|Koncert|Sommerfest i Bøssehuset,Sommerfest i Bøssehuset,3,./archive/timeline/performance/2026-08-08-03.webp,,Skal gennemgås
2026-08-08|Koncert|Sommerfest i Bøssehuset,Sommerfest i Bøssehuset,4,./archive/timeline/performance/2026-08-08-04.webp,,Skal gennemgås
2026-08-08|Koncert|Sommerfest i Bøssehuset,Sommerfest i Bøssehuset,5,./archive/timeline/performance/2026-08-08-05.webp,,Skal gennemgås
2026-08-08|Koncert|Sommerfest i Bøssehuset,Sommerfest i Bøssehuset,6,./archive/timeline/performance/2026-08-08-06.webp,,Skal gennemgås
